Gruppe;Datum;Genkopien pro EW / Tag * 10^6
Vorarlberg;2022-09-01;83.4
Vorarlberg;2022-09-02;84.43
Vorarlberg;2022-09-03;85.28
Vorarlberg;2022-09-04;82.19
Vorarlberg;2022-09-05;83.02
Vorarlberg;2022-09-06;84.02
Vorarlberg;2022-09-07;85.3
Vorarlberg;2022-09-08;86.79
Vorarlberg;2022-09-09;88.53
Vorarlberg;2022-09-10;90.51
Vorarlberg;2022-09-11;92.89
Vorarlberg;2022-09-12;95.78
Vorarlberg;2022-09-13;99.28
Vorarlberg;2022-09-14;103.38
Vorarlberg;2022-09-15;108.09
Vorarlberg;2022-09-16;113.17
Vorarlberg;2022-09-17;118.4
Vorarlberg;2022-09-18;123.65
Vorarlberg;2022-09-19;128.78
Vorarlberg;2022-09-20;133.91
Vorarlberg;2022-09-21;139.05
Vorarlberg;2022-09-22;144.25
Vorarlberg;2022-09-23;149.66
Vorarlberg;2022-09-24;155.36
Vorarlberg;2022-09-25;161.55
Vorarlberg;2022-09-26;168.29
Vorarlberg;2022-09-27;175.68
Vorarlberg;2022-09-28;183.62
Vorarlberg;2022-09-29;191.85
Vorarlberg;2022-09-30;199.97
Vorarlberg;2022-10-01;207.57
Vorarlberg;2022-10-02;214.34
Vorarlberg;2022-10-03;219.91
Vorarlberg;2022-10-04;224.29
Vorarlberg;2022-10-05;227.49
Vorarlberg;2022-10-06;229.44
Vorarlberg;2022-10-07;230.08
Vorarlberg;2022-10-08;229.31
Vorarlberg;2022-10-09;226.88
Vorarlberg;2022-10-10;222.78
Vorarlberg;2022-10-11;217.22
Vorarlberg;2022-10-12;210.55
Vorarlberg;2022-10-13;203.09
Vorarlberg;2022-10-14;195.1
Vorarlberg;2022-10-15;186.77
Vorarlberg;2022-10-16;178.32
Vorarlberg;2022-10-17;169.84
Vorarlberg;2022-10-18;161.54
Vorarlberg;2022-10-19;153.51
Vorarlberg;2022-10-20;145.75
Vorarlberg;2022-10-21;138.23
Vorarlberg;2022-10-22;131.03
Vorarlberg;2022-10-23;124.25
Vorarlberg;2022-10-24;117.92
Vorarlberg;2022-10-25;112.1
Vorarlberg;2022-10-26;106.78
Vorarlberg;2022-10-27;101.91
Vorarlberg;2022-10-28;97.37
Vorarlberg;2022-10-29;93.17
Vorarlberg;2022-10-30;89.25
Vorarlberg;2022-10-31;85.67
Vorarlberg;2022-11-01;82.47
Vorarlberg;2022-11-02;79.6
Vorarlberg;2022-11-03;77.19
Vorarlberg;2022-11-04;75.2
Vorarlberg;2022-11-05;73.68
Vorarlberg;2022-11-06;72.77
Vorarlberg;2022-11-07;72.54
Vorarlberg;2022-11-08;73.1
Vorarlberg;2022-11-09;74.48
Vorarlberg;2022-11-10;76.54
Vorarlberg;2022-11-11;79.13
Vorarlberg;2022-11-12;82.18
Vorarlberg;2022-11-13;85.57
Vorarlberg;2022-11-14;89.3
Vorarlberg;2022-11-15;93.39
Vorarlberg;2022-11-16;97.76
Vorarlberg;2022-11-17;102.22
Vorarlberg;2022-11-18;106.75
Vorarlberg;2022-11-19;111.21
Vorarlberg;2022-11-20;115.61
Vorarlberg;2022-11-21;119.96
Vorarlberg;2022-11-22;124.26
Vorarlberg;2022-11-23;128.59
Vorarlberg;2022-11-24;132.92
Vorarlberg;2022-11-25;137.26
Vorarlberg;2022-11-26;141.59
Vorarlberg;2022-11-27;145.88
Vorarlberg;2022-11-28;150.04
Vorarlberg;2022-11-29;153.92
Vorarlberg;2022-11-30;157.44
Vorarlberg;2022-12-01;160.54
Vorarlberg;2022-12-02;163.29
Vorarlberg;2022-12-03;165.79
Vorarlberg;2022-12-04;168.26
Vorarlberg;2022-12-05;170.74
Vorarlberg;2022-12-06;173.41
Vorarlberg;2022-12-07;176.22
Vorarlberg;2022-12-08;179.08
Vorarlberg;2022-12-09;181.86
Vorarlberg;2022-12-10;184.4
Vorarlberg;2022-12-11;186.48
Vorarlberg;2022-12-12;188.21
Vorarlberg;2022-12-13;189.68
Vorarlberg;2022-12-14;191.18
Vorarlberg;2022-12-15;192.83
Vorarlberg;2022-12-16;194.59
Vorarlberg;2022-12-17;196.35
Vorarlberg;2022-12-18;197.94
Vorarlberg;2022-12-19;199.11
Vorarlberg;2022-12-20;199.61
Vorarlberg;2022-12-21;199.32
Vorarlberg;2022-12-22;198.1
Vorarlberg;2022-12-23;196.09
Vorarlberg;2022-12-24;193.37
Vorarlberg;2022-12-25;190.08
Vorarlberg;2022-12-26;186.09
Vorarlberg;2022-12-27;181.5
Vorarlberg;2022-12-28;176.36
Vorarlberg;2022-12-29;170.78
Vorarlberg;2022-12-30;164.81
Vorarlberg;2022-12-31;158.52
Vorarlberg;2023-01-01;151.98
Vorarlberg;2023-01-02;145.34
Vorarlberg;2023-01-03;138.7
Vorarlberg;2023-01-04;132.24
Vorarlberg;2023-01-05;126.07
Vorarlberg;2023-01-06;120.31
Vorarlberg;2023-01-07;114.94
Vorarlberg;2023-01-08;110.13
Vorarlberg;2023-01-09;105.93
Vorarlberg;2023-01-10;102.25
Vorarlberg;2023-01-11;99.13
Vorarlberg;2023-01-12;96.37
Vorarlberg;2023-01-13;93.98
Vorarlberg;2023-01-14;92.1
Vorarlberg;2023-01-15;90.68
Vorarlberg;2023-01-16;89.98
Vorarlberg;2023-01-17;89.93
Vorarlberg;2023-01-18;90.6
Vorarlberg;2023-01-19;91.77
Vorarlberg;2023-01-20;93.49
Vorarlberg;2023-01-21;95.74
Vorarlberg;2023-01-22;98.48
Vorarlberg;2023-01-23;101.85
Vorarlberg;2023-01-24;105.96
Vorarlberg;2023-01-25;110.73
Vorarlberg;2023-01-26;116.16
Vorarlberg;2023-01-27;122.24
Vorarlberg;2023-01-28;128.88
Vorarlberg;2023-01-29;136.19
Vorarlberg;2023-01-30;144.23
Vorarlberg;2023-01-31;153.02
Vorarlberg;2023-02-01;162.54
Vorarlberg;2023-02-02;172.59
Vorarlberg;2023-02-03;182.87
Vorarlberg;2023-02-04;193.17
Vorarlberg;2023-02-05;203.16
Vorarlberg;2023-02-06;212.69
Vorarlberg;2023-02-07;221.53
Vorarlberg;2023-02-08;229.52
Vorarlberg;2023-02-09;236.66
Vorarlberg;2023-02-10;243.07
Vorarlberg;2023-02-11;248.91
Vorarlberg;2023-02-12;254.33
Vorarlberg;2023-02-13;259.24
Vorarlberg;2023-02-14;263.43
Vorarlberg;2023-02-15;266.77
Vorarlberg;2023-02-16;269.02
Vorarlberg;2023-02-17;270.4
Vorarlberg;2023-02-18;271.2
Vorarlberg;2023-02-19;271.84
Vorarlberg;2023-02-20;272.67
Vorarlberg;2023-02-21;273.86
Vorarlberg;2023-02-22;275.44
Vorarlberg;2023-02-23;277.17
Vorarlberg;2023-02-24;278.59
Vorarlberg;2023-02-25;279.36
Vorarlberg;2023-02-26;279.05
Vorarlberg;2023-02-27;277.42
Vorarlberg;2023-02-28;274.58
Vorarlberg;2023-03-01;270.57
Vorarlberg;2023-03-02;265.62
Vorarlberg;2023-03-03;260.12
Vorarlberg;2023-03-04;254.41
Vorarlberg;2023-03-05;248.89
Vorarlberg;2023-03-06;243.82
Vorarlberg;2023-03-07;239.41
Vorarlberg;2023-03-08;235.6
Vorarlberg;2023-03-09;232.17
Vorarlberg;2023-03-10;228.8
Vorarlberg;2023-03-11;225.23
Vorarlberg;2023-03-12;221.1
Vorarlberg;2023-03-13;216.27
Vorarlberg;2023-03-14;210.54
Vorarlberg;2023-03-15;204.04
Vorarlberg;2023-03-16;197.01
Vorarlberg;2023-03-17;189.73
Vorarlberg;2023-03-18;182.45
Vorarlberg;2023-03-19;175.25
Vorarlberg;2023-03-20;168.21
Vorarlberg;2023-03-21;161.22
Vorarlberg;2023-03-22;154.07
Vorarlberg;2023-03-23;146.61
Vorarlberg;2023-03-24;138.94
Vorarlberg;2023-03-25;131.24
Vorarlberg;2023-03-26;123.74
Vorarlberg;2023-03-27;116.79
Vorarlberg;2023-03-28;110.47
Vorarlberg;2023-03-29;104.83
Vorarlberg;2023-03-30;99.86
Vorarlberg;2023-03-31;95.44
Vorarlberg;2023-04-01;91.5
Vorarlberg;2023-04-02;88.05
Vorarlberg;2023-04-03;85.06
Vorarlberg;2023-04-04;82.46
Vorarlberg;2023-04-05;80.17
Vorarlberg;2023-04-06;77.99
Vorarlberg;2023-04-07;75.8
Vorarlberg;2023-04-08;73.64
Vorarlberg;2023-04-09;71.38
Vorarlberg;2023-04-10;69.04
Vorarlberg;2023-04-11;66.53
Vorarlberg;2023-04-12;63.74
Vorarlberg;2023-04-13;60.83
Vorarlberg;2023-04-14;57.78
Vorarlberg;2023-04-15;54.72
Vorarlberg;2023-04-16;51.88
Vorarlberg;2023-04-17;49.33
Vorarlberg;2023-04-18;47.07
Vorarlberg;2023-04-19;45.15
Vorarlberg;2023-04-20;43.37
Vorarlberg;2023-04-21;41.75
Vorarlberg;2023-04-22;40.17
Vorarlberg;2023-04-23;38.7
Vorarlberg;2023-04-24;37.32
Vorarlberg;2023-04-25;35.94
Vorarlberg;2023-04-26;34.57
Vorarlberg;2023-04-27;33.16
Vorarlberg;2023-04-28;31.72
Vorarlberg;2023-04-29;30.24
Vorarlberg;2023-04-30;28.84
Vorarlberg;2023-05-01;27.52
Vorarlberg;2023-05-02;26.33
Vorarlberg;2023-05-03;25.28
Vorarlberg;2023-05-04;24.44
Vorarlberg;2023-05-05;23.69
Vorarlberg;2023-05-06;23.15
Vorarlberg;2023-05-07;22.77
Vorarlberg;2023-05-08;22.58
Vorarlberg;2023-05-09;22.48
Vorarlberg;2023-05-10;22.55
Vorarlberg;2023-05-11;22.71
Vorarlberg;2023-05-12;23.02
Vorarlberg;2023-05-13;23.34
Vorarlberg;2023-05-14;23.81
Vorarlberg;2023-05-15;24.32
Vorarlberg;2023-05-16;24.91
Vorarlberg;2023-05-17;25.43
Vorarlberg;2023-05-18;25.97
Vorarlberg;2023-05-19;26.43
Vorarlberg;2023-05-20;26.66
Vorarlberg;2023-05-21;26.72
Vorarlberg;2023-05-22;26.48
Vorarlberg;2023-05-23;25.98
Vorarlberg;2023-05-24;25.28
Vorarlberg;2023-05-25;24.39
Vorarlberg;2023-05-26;23.48
Vorarlberg;2023-05-27;22.48
Vorarlberg;2023-05-28;21.42
Vorarlberg;2023-05-29;20.34
Vorarlberg;2023-05-30;19.25
Vorarlberg;2023-05-31;18.14
Vorarlberg;2023-06-01;17.05
Vorarlberg;2023-06-02;15.95
Vorarlberg;2023-06-03;14.86
Vorarlberg;2023-06-04;13.82
Vorarlberg;2023-06-05;12.88
Vorarlberg;2023-06-06;12.0
Vorarlberg;2023-06-07;11.2
Vorarlberg;2023-06-08;10.45
Vorarlberg;2023-06-09;9.74
Vorarlberg;2023-06-10;9.1
Vorarlberg;2023-06-11;8.54
Vorarlberg;2023-06-12;8.02
Vorarlberg;2023-06-13;7.56
Vorarlberg;2023-06-14;7.18
Vorarlberg;2023-06-15;6.87
Vorarlberg;2023-06-16;6.56
Vorarlberg;2023-06-17;6.24
Vorarlberg;2023-06-18;5.96
Vorarlberg;2023-06-19;5.69
Vorarlberg;2023-06-20;5.44
Vorarlberg;2023-06-21;5.16
Vorarlberg;2023-06-22;4.89
Vorarlberg;2023-06-23;4.65
Vorarlberg;2023-06-24;4.44
Vorarlberg;2023-06-25;4.28
Vorarlberg;2023-06-26;4.19
Vorarlberg;2023-06-27;4.12
Vorarlberg;2023-06-28;4.17
Vorarlberg;2023-06-29;4.23
Vorarlberg;2023-06-30;4.39
Vorarlberg;2023-07-01;4.58
Vorarlberg;2023-07-02;4.82
Vorarlberg;2023-07-03;5.14
Vorarlberg;2023-07-04;5.49
Vorarlberg;2023-07-05;5.89
Vorarlberg;2023-07-06;6.35
Vorarlberg;2023-07-07;6.81
Vorarlberg;2023-07-08;7.31
Vorarlberg;2023-07-09;7.81
Vorarlberg;2023-07-10;8.29
Vorarlberg;2023-07-11;8.78
Vorarlberg;2023-07-12;9.21
Vorarlberg;2023-07-13;9.59
Vorarlberg;2023-07-14;9.98
Vorarlberg;2023-07-15;10.34
Vorarlberg;2023-07-16;10.71
Vorarlberg;2023-07-17;11.11
Vorarlberg;2023-07-18;11.61
Vorarlberg;2023-07-19;12.16
Vorarlberg;2023-07-20;12.77
Vorarlberg;2023-07-21;13.43
Vorarlberg;2023-07-22;14.2
Vorarlberg;2023-07-23;15.07
Vorarlberg;2023-07-24;16.1
Vorarlberg;2023-07-25;17.25
Vorarlberg;2023-07-26;18.55
Vorarlberg;2023-07-27;19.99
Vorarlberg;2023-07-28;21.53
Vorarlberg;2023-07-29;23.15
Vorarlberg;2023-07-30;24.83
Vorarlberg;2023-07-31;26.63
Vorarlberg;2023-08-01;28.4
Vorarlberg;2023-08-02;30.21
Vorarlberg;2023-08-03;31.97
Vorarlberg;2023-08-04;33.69
Vorarlberg;2023-08-05;35.36
Vorarlberg;2023-08-06;36.94
Vorarlberg;2023-08-07;38.49
Tirol;2022-09-01;78.45
Tirol;2022-09-02;78.14
Tirol;2022-09-03;78.16
Tirol;2022-09-04;78.65
Tirol;2022-09-05;79.75
Tirol;2022-09-06;81.5
Tirol;2022-09-07;83.83
Tirol;2022-09-08;86.62
Tirol;2022-09-09;89.8
Tirol;2022-09-10;93.13
Tirol;2022-09-11;96.46
Tirol;2022-09-12;99.98
Tirol;2022-09-13;103.56
Tirol;2022-09-14;107.36
Tirol;2022-09-15;111.4
Tirol;2022-09-16;115.82
Tirol;2022-09-17;120.74
Tirol;2022-09-18;126.25
Tirol;2022-09-19;132.45
Tirol;2022-09-20;139.41
Tirol;2022-09-21;147.06
Tirol;2022-09-22;155.13
Tirol;2022-09-23;163.45
Tirol;2022-09-24;171.73
Tirol;2022-09-25;179.69
Tirol;2022-09-26;187.2
Tirol;2022-09-27;194.34
Tirol;2022-09-28;200.98
Tirol;2022-09-29;207.17
Tirol;2022-09-30;212.75
Tirol;2022-10-01;217.37
Tirol;2022-10-02;220.96
Tirol;2022-10-03;223.18
Tirol;2022-10-04;224.14
Tirol;2022-10-05;224.08
Tirol;2022-10-06;223.22
Tirol;2022-10-07;221.67
Tirol;2022-10-08;219.61
Tirol;2022-10-09;217.01
Tirol;2022-10-10;213.98
Tirol;2022-10-11;210.34
Tirol;2022-10-12;206.16
Tirol;2022-10-13;201.42
Tirol;2022-10-14;196.04
Tirol;2022-10-15;189.8
Tirol;2022-10-16;182.65
Tirol;2022-10-17;174.41
Tirol;2022-10-18;165.36
Tirol;2022-10-19;155.75
Tirol;2022-10-20;146.04
Tirol;2022-10-21;136.31
Tirol;2022-10-22;126.94
Tirol;2022-10-23;118.21
Tirol;2022-10-24;110.18
Tirol;2022-10-25;102.96
Tirol;2022-10-26;96.5
Tirol;2022-10-27;90.7
Tirol;2022-10-28;85.5
Tirol;2022-10-29;80.86
Tirol;2022-10-30;76.84
Tirol;2022-10-31;73.44
Tirol;2022-11-01;70.78
Tirol;2022-11-02;68.75
Tirol;2022-11-03;67.24
Tirol;2022-11-04;66.27
Tirol;2022-11-05;65.73
Tirol;2022-11-06;65.69
Tirol;2022-11-07;66.16
Tirol;2022-11-08;67.16
Tirol;2022-11-09;68.59
Tirol;2022-11-10;70.43
Tirol;2022-11-11;72.5
Tirol;2022-11-12;74.83
Tirol;2022-11-13;77.41
Tirol;2022-11-14;80.2
Tirol;2022-11-15;83.15
Tirol;2022-11-16;86.13
Tirol;2022-11-17;89.22
Tirol;2022-11-18;92.32
Tirol;2022-11-19;95.43
Tirol;2022-11-20;98.62
Tirol;2022-11-21;101.87
Tirol;2022-11-22;105.23
Tirol;2022-11-23;108.81
Tirol;2022-11-24;112.5
Tirol;2022-11-25;116.21
Tirol;2022-11-26;119.89
Tirol;2022-11-27;123.51
Tirol;2022-11-28;127.03
Tirol;2022-11-29;130.61
Tirol;2022-11-30;134.43
Tirol;2022-12-01;138.31
Tirol;2022-12-02;141.96
Tirol;2022-12-03;145.22
Tirol;2022-12-04;149.91
Tirol;2022-12-05;150.94
Tirol;2022-12-06;151.76
Tirol;2022-12-07;152.0
Tirol;2022-12-08;151.83
Tirol;2022-12-09;151.4
Tirol;2022-12-10;151.03
Tirol;2022-12-11;150.76
Tirol;2022-12-12;150.79
Tirol;2022-12-13;150.97
Tirol;2022-12-14;151.31
Tirol;2022-12-15;151.64
Tirol;2022-12-16;151.99
Tirol;2022-12-17;152.21
Tirol;2022-12-18;152.34
Tirol;2022-12-19;152.36
Tirol;2022-12-20;152.33
Tirol;2022-12-21;152.31
Tirol;2022-12-22;152.26
Tirol;2022-12-23;152.17
Tirol;2022-12-24;151.98
Tirol;2022-12-25;151.52
Tirol;2022-12-26;150.74
Tirol;2022-12-27;149.51
Tirol;2022-12-28;147.79
Tirol;2022-12-29;145.54
Tirol;2022-12-30;142.8
Tirol;2022-12-31;139.62
Tirol;2023-01-01;135.99
Tirol;2023-01-02;132.0
Tirol;2023-01-03;127.74
Tirol;2023-01-04;123.45
Tirol;2023-01-05;119.28
Tirol;2023-01-06;115.38
Tirol;2023-01-07;111.83
Tirol;2023-01-08;108.75
Tirol;2023-01-09;106.34
Tirol;2023-01-10;104.52
Tirol;2023-01-11;103.36
Tirol;2023-01-12;102.73
Tirol;2023-01-13;102.55
Tirol;2023-01-14;102.78
Tirol;2023-01-15;103.42
Tirol;2023-01-16;104.45
Tirol;2023-01-17;106.06
Tirol;2023-01-18;108.24
Tirol;2023-01-19;110.95
Tirol;2023-01-20;114.32
Tirol;2023-01-21;118.27
Tirol;2023-01-22;122.91
Tirol;2023-01-23;128.37
Tirol;2023-01-24;134.67
Tirol;2023-01-25;141.63
Tirol;2023-01-26;149.09
Tirol;2023-01-27;156.91
Tirol;2023-01-28;164.77
Tirol;2023-01-29;172.57
Tirol;2023-01-30;180.21
Tirol;2023-01-31;187.68
Tirol;2023-02-01;195.06
Tirol;2023-02-02;202.39
Tirol;2023-02-03;209.76
Tirol;2023-02-04;217.1
Tirol;2023-02-05;224.53
Tirol;2023-02-06;231.99
Tirol;2023-02-07;239.6
Tirol;2023-02-08;247.35
Tirol;2023-02-09;255.09
Tirol;2023-02-10;262.74
Tirol;2023-02-11;270.09
Tirol;2023-02-12;276.79
Tirol;2023-02-13;282.62
Tirol;2023-02-14;287.31
Tirol;2023-02-15;290.53
Tirol;2023-02-16;292.24
Tirol;2023-02-17;292.67
Tirol;2023-02-18;292.24
Tirol;2023-02-19;291.39
Tirol;2023-02-20;290.52
Tirol;2023-02-21;289.68
Tirol;2023-02-22;289.04
Tirol;2023-02-23;288.45
Tirol;2023-02-24;287.67
Tirol;2023-02-25;286.5
Tirol;2023-02-26;284.65
Tirol;2023-02-27;281.93
Tirol;2023-02-28;278.52
Tirol;2023-03-01;274.45
Tirol;2023-03-02;269.86
Tirol;2023-03-03;264.78
Tirol;2023-03-04;259.11
Tirol;2023-03-05;252.78
Tirol;2023-03-06;245.69
Tirol;2023-03-07;238.02
Tirol;2023-03-08;229.93
Tirol;2023-03-09;221.52
Tirol;2023-03-10;212.96
Tirol;2023-03-11;204.29
Tirol;2023-03-12;195.7
Tirol;2023-03-13;187.3
Tirol;2023-03-14;179.37
Tirol;2023-03-15;172.0
Tirol;2023-03-16;165.13
Tirol;2023-03-17;158.71
Tirol;2023-03-18;152.61
Tirol;2023-03-19;146.81
Tirol;2023-03-20;141.3
Tirol;2023-03-21;136.23
Tirol;2023-03-22;131.75
Tirol;2023-03-23;127.71
Tirol;2023-03-24;123.93
Tirol;2023-03-25;120.09
Tirol;2023-03-26;116.11
Tirol;2023-03-27;112.01
Tirol;2023-03-28;107.84
Tirol;2023-03-29;103.7
Tirol;2023-03-30;99.73
Tirol;2023-03-31;95.94
Tirol;2023-04-01;92.38
Tirol;2023-04-02;89.14
Tirol;2023-04-03;86.19
Tirol;2023-04-04;83.41
Tirol;2023-04-05;80.77
Tirol;2023-04-06;78.22
Tirol;2023-04-07;75.72
Tirol;2023-04-08;73.27
Tirol;2023-04-09;70.91
Tirol;2023-04-10;68.68
Tirol;2023-04-11;66.61
Tirol;2023-04-12;64.73
Tirol;2023-04-13;63.08
Tirol;2023-04-14;61.55
Tirol;2023-04-15;60.15
Tirol;2023-04-16;58.88
Tirol;2023-04-17;57.64
Tirol;2023-04-18;56.48
Tirol;2023-04-19;55.34
Tirol;2023-04-20;54.26
Tirol;2023-04-21;53.15
Tirol;2023-04-22;52.04
Tirol;2023-04-23;50.88
Tirol;2023-04-24;49.7
Tirol;2023-04-25;48.4
Tirol;2023-04-26;47.02
Tirol;2023-04-27;45.46
Tirol;2023-04-28;43.8
Tirol;2023-04-29;42.0
Tirol;2023-04-30;40.16
Tirol;2023-05-01;38.2
Tirol;2023-05-02;36.32
Tirol;2023-05-03;34.41
Tirol;2023-05-04;32.59
Tirol;2023-05-05;30.88
Tirol;2023-05-06;29.35
Tirol;2023-05-07;28.0
Tirol;2023-05-08;26.98
Tirol;2023-05-09;26.3
Tirol;2023-05-10;25.96
Tirol;2023-05-11;26.0
Tirol;2023-05-12;26.34
Tirol;2023-05-13;26.88
Tirol;2023-05-14;27.54
Tirol;2023-05-15;28.29
Tirol;2023-05-16;28.96
Tirol;2023-05-17;29.53
Tirol;2023-05-18;30.03
Tirol;2023-05-19;30.34
Tirol;2023-05-20;30.52
Tirol;2023-05-21;30.45
Tirol;2023-05-22;30.13
Tirol;2023-05-23;29.56
Tirol;2023-05-24;28.75
Tirol;2023-05-25;27.69
Tirol;2023-05-26;26.44
Tirol;2023-05-27;25.16
Tirol;2023-05-28;23.85
Tirol;2023-05-29;22.51
Tirol;2023-05-30;21.24
Tirol;2023-05-31;20.07
Tirol;2023-06-01;18.99
Tirol;2023-06-02;18.02
Tirol;2023-06-03;17.14
Tirol;2023-06-04;16.33
Tirol;2023-06-05;15.68
Tirol;2023-06-06;15.1
Tirol;2023-06-07;14.64
Tirol;2023-06-08;14.28
Tirol;2023-06-09;13.96
Tirol;2023-06-10;13.69
Tirol;2023-06-11;13.46
Tirol;2023-06-12;13.3
Tirol;2023-06-13;13.18
Tirol;2023-06-14;13.09
Tirol;2023-06-15;13.05
Tirol;2023-06-16;13.01
Tirol;2023-06-17;12.89
Tirol;2023-06-18;12.76
Tirol;2023-06-19;12.52
Tirol;2023-06-20;12.25
Tirol;2023-06-21;11.94
Tirol;2023-06-22;11.65
Tirol;2023-06-23;11.35
Tirol;2023-06-24;11.11
Tirol;2023-06-25;10.88
Tirol;2023-06-26;10.69
Tirol;2023-06-27;10.62
Tirol;2023-06-28;10.58
Tirol;2023-06-29;10.57
Tirol;2023-06-30;10.63
Tirol;2023-07-01;10.68
Tirol;2023-07-02;10.74
Tirol;2023-07-03;10.78
Tirol;2023-07-04;10.76
Tirol;2023-07-05;10.8
Tirol;2023-07-06;10.78
Tirol;2023-07-07;10.75
Tirol;2023-07-08;10.76
Tirol;2023-07-09;10.77
Tirol;2023-07-10;10.85
Tirol;2023-07-11;10.95
Tirol;2023-07-12;11.25
Tirol;2023-07-13;11.56
Tirol;2023-07-14;12.05
Tirol;2023-07-15;12.55
Tirol;2023-07-16;13.12
Tirol;2023-07-17;13.69
Tirol;2023-07-18;14.28
Tirol;2023-07-19;14.93
Tirol;2023-07-20;15.66
Tirol;2023-07-21;16.36
Tirol;2023-07-22;17.17
Tirol;2023-07-23;17.99
Tirol;2023-07-24;18.85
Tirol;2023-07-25;19.83
Tirol;2023-07-26;20.86
Tirol;2023-07-27;21.99
Tirol;2023-07-28;23.16
Tirol;2023-07-29;24.26
Tirol;2023-07-30;25.32
Tirol;2023-07-31;26.25
Tirol;2023-08-01;27.12
Tirol;2023-08-02;27.97
Tirol;2023-08-03;28.82
Tirol;2023-08-04;29.78
Tirol;2023-08-05;30.72
Tirol;2023-08-06;31.69
Tirol;2023-08-07;32.71
Tirol;2023-08-08;33.67
Tirol;2023-08-09;35.01
Salzburg;2022-09-01;82.4
Salzburg;2022-09-02;82.26
Salzburg;2022-09-03;82.38
Salzburg;2022-09-04;82.71
Salzburg;2022-09-05;83.45
Salzburg;2022-09-06;84.5
Salzburg;2022-09-07;85.88
Salzburg;2022-09-08;87.6
Salzburg;2022-09-09;89.87
Salzburg;2022-09-10;92.64
Salzburg;2022-09-11;96.08
Salzburg;2022-09-12;100.27
Salzburg;2022-09-13;105.26
Salzburg;2022-09-14;111.07
Salzburg;2022-09-15;117.56
Salzburg;2022-09-16;124.72
Salzburg;2022-09-17;132.52
Salzburg;2022-09-18;140.99
Salzburg;2022-09-19;150.17
Salzburg;2022-09-20;160.1
Salzburg;2022-09-21;170.57
Salzburg;2022-09-22;181.38
Salzburg;2022-09-23;192.37
Salzburg;2022-09-24;203.32
Salzburg;2022-09-25;214.01
Salzburg;2022-09-26;224.23
Salzburg;2022-09-27;233.93
Salzburg;2022-09-28;243.05
Salzburg;2022-09-29;251.47
Salzburg;2022-09-30;259.05
Salzburg;2022-10-01;265.72
Salzburg;2022-10-02;271.05
Salzburg;2022-10-03;275.03
Salzburg;2022-10-04;277.3
Salzburg;2022-10-05;278.03
Salzburg;2022-10-06;277.2
Salzburg;2022-10-07;274.85
Salzburg;2022-10-08;270.85
Salzburg;2022-10-09;264.88
Salzburg;2022-10-10;256.93
Salzburg;2022-10-11;247.15
Salzburg;2022-10-12;236.19
Salzburg;2022-10-13;224.43
Salzburg;2022-10-14;212.36
Salzburg;2022-10-15;200.28
Salzburg;2022-10-16;188.58
Salzburg;2022-10-17;177.53
Salzburg;2022-10-18;167.31
Salzburg;2022-10-19;158.16
Salzburg;2022-10-20;149.77
Salzburg;2022-10-21;142.12
Salzburg;2022-10-22;135.1
Salzburg;2022-10-23;128.5
Salzburg;2022-10-24;122.42
Salzburg;2022-10-25;116.76
Salzburg;2022-10-26;111.36
Salzburg;2022-10-27;106.4
Salzburg;2022-10-28;101.74
Salzburg;2022-10-29;97.65
Salzburg;2022-10-30;94.15
Salzburg;2022-10-31;91.34
Salzburg;2022-11-01;89.18
Salzburg;2022-11-02;87.59
Salzburg;2022-11-03;86.42
Salzburg;2022-11-04;85.53
Salzburg;2022-11-05;84.95
Salzburg;2022-11-06;84.54
Salzburg;2022-11-07;84.28
Salzburg;2022-11-08;84.02
Salzburg;2022-11-09;83.93
Salzburg;2022-11-10;83.82
Salzburg;2022-11-11;83.67
Salzburg;2022-11-12;83.45
Salzburg;2022-11-13;83.25
Salzburg;2022-11-14;82.94
Salzburg;2022-11-15;82.72
Salzburg;2022-11-16;82.76
Salzburg;2022-11-17;83.05
Salzburg;2022-11-18;83.52
Salzburg;2022-11-19;84.18
Salzburg;2022-11-20;85.02
Salzburg;2022-11-21;86.07
Salzburg;2022-11-22;87.33
Salzburg;2022-11-23;88.9
Salzburg;2022-11-24;90.61
Salzburg;2022-11-25;92.37
Salzburg;2022-11-26;94.28
Salzburg;2022-11-27;96.07
Salzburg;2022-11-28;97.83
Salzburg;2022-11-29;99.66
Salzburg;2022-11-30;101.43
Salzburg;2022-12-01;103.23
Salzburg;2022-12-02;105.03
Salzburg;2022-12-03;106.9
Salzburg;2022-12-04;109.02
Salzburg;2022-12-05;110.09
Salzburg;2022-12-06;112.37
Salzburg;2022-12-07;114.98
Salzburg;2022-12-08;117.87
Salzburg;2022-12-09;120.89
Salzburg;2022-12-10;123.88
Salzburg;2022-12-11;126.63
Salzburg;2022-12-12;129.11
Salzburg;2022-12-13;131.32
Salzburg;2022-12-14;133.51
Salzburg;2022-12-15;135.58
Salzburg;2022-12-16;137.59
Salzburg;2022-12-17;139.55
Salzburg;2022-12-18;141.29
Salzburg;2022-12-19;142.87
Salzburg;2022-12-20;144.1
Salzburg;2022-12-21;144.94
Salzburg;2022-12-22;145.37
Salzburg;2022-12-23;145.58
Salzburg;2022-12-24;145.5
Salzburg;2022-12-25;145.26
Salzburg;2022-12-26;144.68
Salzburg;2022-12-27;143.82
Salzburg;2022-12-28;142.63
Salzburg;2022-12-29;141.12
Salzburg;2022-12-30;139.32
Salzburg;2022-12-31;137.27
Salzburg;2023-01-01;135.06
Salzburg;2023-01-02;132.96
Salzburg;2023-01-03;131.11
Salzburg;2023-01-04;129.88
Salzburg;2023-01-05;129.14
Salzburg;2023-01-06;128.74
Salzburg;2023-01-07;128.47
Salzburg;2023-01-08;128.09
Salzburg;2023-01-09;127.47
Salzburg;2023-01-10;126.45
Salzburg;2023-01-11;125.2
Salzburg;2023-01-12;123.79
Salzburg;2023-01-13;122.38
Salzburg;2023-01-14;121.16
Salzburg;2023-01-15;120.3
Salzburg;2023-01-16;120.03
Salzburg;2023-01-17;120.47
Salzburg;2023-01-18;121.66
Salzburg;2023-01-19;123.68
Salzburg;2023-01-20;126.34
Salzburg;2023-01-21;129.69
Salzburg;2023-01-22;133.77
Salzburg;2023-01-23;138.65
Salzburg;2023-01-24;144.32
Salzburg;2023-01-25;150.72
Salzburg;2023-01-26;157.68
Salzburg;2023-01-27;165.26
Salzburg;2023-01-28;173.14
Salzburg;2023-01-29;181.38
Salzburg;2023-01-30;190.08
Salzburg;2023-01-31;199.34
Salzburg;2023-02-01;209.11
Salzburg;2023-02-02;219.28
Salzburg;2023-02-03;229.55
Salzburg;2023-02-04;239.33
Salzburg;2023-02-05;248.35
Salzburg;2023-02-06;256.25
Salzburg;2023-02-07;262.99
Salzburg;2023-02-08;268.51
Salzburg;2023-02-09;273.01
Salzburg;2023-02-10;276.71
Salzburg;2023-02-11;279.58
Salzburg;2023-02-12;281.86
Salzburg;2023-02-13;283.5
Salzburg;2023-02-14;284.62
Salzburg;2023-02-15;285.48
Salzburg;2023-02-16;286.07
Salzburg;2023-02-17;286.42
Salzburg;2023-02-18;286.67
Salzburg;2023-02-19;286.69
Salzburg;2023-02-20;286.6
Salzburg;2023-02-21;286.65
Salzburg;2023-02-22;286.77
Salzburg;2023-02-23;286.94
Salzburg;2023-02-24;286.95
Salzburg;2023-02-25;286.56
Salzburg;2023-02-26;285.61
Salzburg;2023-02-27;283.77
Salzburg;2023-02-28;281.04
Salzburg;2023-03-01;277.38
Salzburg;2023-03-02;272.8
Salzburg;2023-03-03;267.23
Salzburg;2023-03-04;260.44
Salzburg;2023-03-05;252.34
Salzburg;2023-03-06;242.93
Salzburg;2023-03-07;232.56
Salzburg;2023-03-08;221.89
Salzburg;2023-03-09;211.25
Salzburg;2023-03-10;200.79
Salzburg;2023-03-11;190.77
Salzburg;2023-03-12;181.47
Salzburg;2023-03-13;172.99
Salzburg;2023-03-14;165.72
Salzburg;2023-03-15;159.64
Salzburg;2023-03-16;154.64
Salzburg;2023-03-17;150.17
Salzburg;2023-03-18;145.99
Salzburg;2023-03-19;141.78
Salzburg;2023-03-20;137.47
Salzburg;2023-03-21;132.86
Salzburg;2023-03-22;128.25
Salzburg;2023-03-23;123.62
Salzburg;2023-03-24;118.97
Salzburg;2023-03-25;114.32
Salzburg;2023-03-26;109.82
Salzburg;2023-03-27;105.39
Salzburg;2023-03-28;101.25
Salzburg;2023-03-29;97.49
Salzburg;2023-03-30;93.92
Salzburg;2023-03-31;90.65
Salzburg;2023-04-01;87.65
Salzburg;2023-04-02;84.74
Salzburg;2023-04-03;82.04
Salzburg;2023-04-04;79.72
Salzburg;2023-04-05;77.81
Salzburg;2023-04-06;76.24
Salzburg;2023-04-07;74.94
Salzburg;2023-04-08;73.75
Salzburg;2023-04-09;72.64
Salzburg;2023-04-10;71.48
Salzburg;2023-04-11;70.44
Salzburg;2023-04-12;69.46
Salzburg;2023-04-13;68.52
Salzburg;2023-04-14;67.59
Salzburg;2023-04-15;66.71
Salzburg;2023-04-16;65.84
Salzburg;2023-04-17;64.91
Salzburg;2023-04-18;64.19
Salzburg;2023-04-19;63.63
Salzburg;2023-04-20;63.3
Salzburg;2023-04-21;63.08
Salzburg;2023-04-22;62.67
Salzburg;2023-04-23;62.15
Salzburg;2023-04-24;61.34
Salzburg;2023-04-25;60.41
Salzburg;2023-04-26;59.44
Salzburg;2023-04-27;58.5
Salzburg;2023-04-28;57.52
Salzburg;2023-04-29;56.56
Salzburg;2023-04-30;55.62
Salzburg;2023-05-01;54.63
Salzburg;2023-05-02;53.49
Salzburg;2023-05-03;52.24
Salzburg;2023-05-04;50.86
Salzburg;2023-05-05;49.39
Salzburg;2023-05-06;47.77
Salzburg;2023-05-07;46.03
Salzburg;2023-05-08;44.18
Salzburg;2023-05-09;42.22
Salzburg;2023-05-10;40.33
Salzburg;2023-05-11;38.41
Salzburg;2023-05-12;36.57
Salzburg;2023-05-13;34.84
Salzburg;2023-05-14;33.19
Salzburg;2023-05-15;31.74
Salzburg;2023-05-16;30.41
Salzburg;2023-05-17;29.2
Salzburg;2023-05-18;28.26
Salzburg;2023-05-19;27.36
Salzburg;2023-05-20;26.48
Salzburg;2023-05-21;25.63
Salzburg;2023-05-22;24.71
Salzburg;2023-05-23;23.9
Salzburg;2023-05-24;23.18
Salzburg;2023-05-25;22.46
Salzburg;2023-05-26;21.9
Salzburg;2023-05-27;21.42
Salzburg;2023-05-28;20.96
Salzburg;2023-05-29;20.58
Salzburg;2023-05-30;20.19
Salzburg;2023-05-31;19.88
Salzburg;2023-06-01;19.57
Salzburg;2023-06-02;19.3
Salzburg;2023-06-03;19.09
Salzburg;2023-06-04;18.74
Salzburg;2023-06-05;18.43
Salzburg;2023-06-06;18.15
Salzburg;2023-06-07;17.89
Salzburg;2023-06-08;17.69
Salzburg;2023-06-09;17.48
Salzburg;2023-06-10;17.36
Salzburg;2023-06-11;17.26
Salzburg;2023-06-12;17.19
Salzburg;2023-06-13;17.17
Salzburg;2023-06-14;17.15
Salzburg;2023-06-15;17.15
Salzburg;2023-06-16;17.08
Salzburg;2023-06-17;17.07
Salzburg;2023-06-18;16.91
Salzburg;2023-06-19;16.83
Salzburg;2023-06-20;16.61
Salzburg;2023-06-21;16.41
Salzburg;2023-06-22;16.13
Salzburg;2023-06-23;15.94
Salzburg;2023-06-24;15.69
Salzburg;2023-06-25;15.53
Salzburg;2023-06-26;15.45
Salzburg;2023-06-27;15.45
Salzburg;2023-06-28;15.52
Salzburg;2023-06-29;15.67
Salzburg;2023-06-30;15.9
Salzburg;2023-07-01;16.21
Salzburg;2023-07-02;16.58
Salzburg;2023-07-03;16.94
Salzburg;2023-07-04;17.37
Salzburg;2023-07-05;17.8
Salzburg;2023-07-06;18.24
Salzburg;2023-07-07;18.6
Salzburg;2023-07-08;18.96
Salzburg;2023-07-09;19.31
Salzburg;2023-07-10;19.52
Salzburg;2023-07-11;19.57
Salzburg;2023-07-12;19.56
Salzburg;2023-07-13;19.45
Salzburg;2023-07-14;19.22
Salzburg;2023-07-15;19.05
Salzburg;2023-07-16;18.81
Salzburg;2023-07-17;18.68
Salzburg;2023-07-18;18.56
Salzburg;2023-07-19;18.47
Salzburg;2023-07-20;18.39
Salzburg;2023-07-21;18.4
Salzburg;2023-07-22;18.34
Salzburg;2023-07-23;18.35
Salzburg;2023-07-24;18.37
Salzburg;2023-07-25;18.4
Salzburg;2023-07-26;18.61
Salzburg;2023-07-27;18.82
Salzburg;2023-07-28;19.13
Salzburg;2023-07-29;19.54
Salzburg;2023-07-30;19.87
Salzburg;2023-07-31;20.29
Salzburg;2023-08-01;20.72
Salzburg;2023-08-02;21.31
Salzburg;2023-08-03;21.81
Salzburg;2023-08-04;22.46
Salzburg;2023-08-05;23.16
Salzburg;2023-08-06;23.93
Salzburg;2023-08-07;24.75
Salzburg;2023-08-08;25.55
Kärnten;2022-09-01;91.97
Kärnten;2022-09-02;92.69
Kärnten;2022-09-03;93.47
Kärnten;2022-09-04;94.35
Kärnten;2022-09-05;95.31
Kärnten;2022-09-06;96.55
Kärnten;2022-09-07;98.15
Kärnten;2022-09-08;100.16
Kärnten;2022-09-09;102.73
Kärnten;2022-09-10;105.84
Kärnten;2022-09-11;109.65
Kärnten;2022-09-12;114.22
Kärnten;2022-09-13;119.59
Kärnten;2022-09-14;125.68
Kärnten;2022-09-15;132.48
Kärnten;2022-09-16;139.87
Kärnten;2022-09-17;147.91
Kärnten;2022-09-18;156.43
Kärnten;2022-09-19;165.7
Kärnten;2022-09-20;175.56
Kärnten;2022-09-21;186.01
Kärnten;2022-09-22;196.86
Kärnten;2022-09-23;208.06
Kärnten;2022-09-24;219.27
Kärnten;2022-09-25;230.39
Kärnten;2022-09-26;241.02
Kärnten;2022-09-27;250.89
Kärnten;2022-09-28;259.68
Kärnten;2022-09-29;267.35
Kärnten;2022-09-30;273.94
Kärnten;2022-10-01;279.39
Kärnten;2022-10-02;283.74
Kärnten;2022-10-03;286.94
Kärnten;2022-10-04;289.1
Kärnten;2022-10-05;290.49
Kärnten;2022-10-06;291.1
Kärnten;2022-10-07;290.83
Kärnten;2022-10-08;289.42
Kärnten;2022-10-09;286.55
Kärnten;2022-10-10;282.02
Kärnten;2022-10-11;275.89
Kärnten;2022-10-12;268.29
Kärnten;2022-10-13;259.53
Kärnten;2022-10-14;250.0
Kärnten;2022-10-15;239.98
Kärnten;2022-10-16;229.7
Kärnten;2022-10-17;219.35
Kärnten;2022-10-18;209.22
Kärnten;2022-10-19;199.33
Kärnten;2022-10-20;189.85
Kärnten;2022-10-21;180.78
Kärnten;2022-10-22;172.24
Kärnten;2022-10-23;164.14
Kärnten;2022-10-24;156.64
Kärnten;2022-10-25;149.59
Kärnten;2022-10-26;142.93
Kärnten;2022-10-27;136.69
Kärnten;2022-10-28;130.74
Kärnten;2022-10-29;125.1
Kärnten;2022-10-30;119.92
Kärnten;2022-10-31;115.16
Kärnten;2022-11-01;110.92
Kärnten;2022-11-02;107.26
Kärnten;2022-11-03;104.0
Kärnten;2022-11-04;101.17
Kärnten;2022-11-05;98.75
Kärnten;2022-11-06;96.84
Kärnten;2022-11-07;95.48
Kärnten;2022-11-08;94.75
Kärnten;2022-11-09;94.68
Kärnten;2022-11-10;95.07
Kärnten;2022-11-11;95.97
Kärnten;2022-11-12;97.06
Kärnten;2022-11-13;98.37
Kärnten;2022-11-14;99.78
Kärnten;2022-11-15;101.36
Kärnten;2022-11-16;103.13
Kärnten;2022-11-17;105.04
Kärnten;2022-11-18;107.12
Kärnten;2022-11-19;109.17
Kärnten;2022-11-20;111.24
Kärnten;2022-11-21;113.25
Kärnten;2022-11-22;115.4
Kärnten;2022-11-23;117.7
Kärnten;2022-11-24;120.05
Kärnten;2022-11-25;122.5
Kärnten;2022-11-26;124.91
Kärnten;2022-11-27;127.11
Kärnten;2022-11-28;128.99
Kärnten;2022-11-29;130.51
Kärnten;2022-11-30;131.67
Kärnten;2022-12-01;132.53
Kärnten;2022-12-02;133.17
Kärnten;2022-12-03;133.74
Kärnten;2022-12-04;134.37
Kärnten;2022-12-05;135.17
Kärnten;2022-12-06;136.31
Kärnten;2022-12-07;137.78
Kärnten;2022-12-08;139.56
Kärnten;2022-12-09;141.65
Kärnten;2022-12-10;143.88
Kärnten;2022-12-11;146.27
Kärnten;2022-12-12;148.82
Kärnten;2022-12-13;151.54
Kärnten;2022-12-14;154.42
Kärnten;2022-12-15;157.38
Kärnten;2022-12-16;160.3
Kärnten;2022-12-17;162.98
Kärnten;2022-12-18;165.24
Kärnten;2022-12-19;166.9
Kärnten;2022-12-20;167.88
Kärnten;2022-12-21;168.18
Kärnten;2022-12-22;167.87
Kärnten;2022-12-23;167.2
Kärnten;2022-12-24;166.16
Kärnten;2022-12-25;164.9
Kärnten;2022-12-26;163.35
Kärnten;2022-12-27;161.62
Kärnten;2022-12-28;159.69
Kärnten;2022-12-29;157.56
Kärnten;2022-12-30;155.24
Kärnten;2022-12-31;152.85
Kärnten;2023-01-01;150.3
Kärnten;2023-01-02;147.64
Kärnten;2023-01-03;144.84
Kärnten;2023-01-04;141.84
Kärnten;2023-01-05;138.78
Kärnten;2023-01-06;135.57
Kärnten;2023-01-07;132.42
Kärnten;2023-01-08;129.29
Kärnten;2023-01-09;126.33
Kärnten;2023-01-10;123.51
Kärnten;2023-01-11;121.0
Kärnten;2023-01-12;118.74
Kärnten;2023-01-13;116.66
Kärnten;2023-01-14;114.7
Kärnten;2023-01-15;108.25
Kärnten;2023-01-16;106.6
Kärnten;2023-01-17;105.02
Kärnten;2023-01-18;103.63
Kärnten;2023-01-19;102.45
Kärnten;2023-01-20;101.62
Kärnten;2023-01-21;101.11
Kärnten;2023-01-22;101.14
Kärnten;2023-01-23;101.75
Kärnten;2023-01-24;103.05
Kärnten;2023-01-25;105.12
Kärnten;2023-01-26;107.68
Kärnten;2023-01-27;110.69
Kärnten;2023-01-28;114.13
Kärnten;2023-01-29;117.8
Kärnten;2023-01-30;121.84
Kärnten;2023-01-31;126.28
Kärnten;2023-02-01;131.02
Kärnten;2023-02-02;136.01
Kärnten;2023-02-03;141.18
Kärnten;2023-02-04;146.39
Kärnten;2023-02-05;151.55
Kärnten;2023-02-06;156.7
Kärnten;2023-02-07;161.84
Kärnten;2023-02-08;167.05
Kärnten;2023-02-09;172.4
Kärnten;2023-02-10;177.79
Kärnten;2023-02-11;183.21
Kärnten;2023-02-12;188.6
Kärnten;2023-02-13;193.9
Kärnten;2023-02-14;199.26
Kärnten;2023-02-15;204.7
Kärnten;2023-02-16;210.15
Kärnten;2023-02-17;215.41
Kärnten;2023-02-18;220.21
Kärnten;2023-02-19;224.31
Kärnten;2023-02-20;227.59
Kärnten;2023-02-21;230.11
Kärnten;2023-02-22;231.96
Kärnten;2023-02-23;233.41
Kärnten;2023-02-24;234.48
Kärnten;2023-02-25;235.25
Kärnten;2023-02-26;235.7
Kärnten;2023-02-27;235.77
Kärnten;2023-02-28;235.34
Kärnten;2023-03-01;234.35
Kärnten;2023-03-02;232.83
Kärnten;2023-03-03;230.76
Kärnten;2023-03-04;228.26
Kärnten;2023-03-05;225.36
Kärnten;2023-03-06;222.0
Kärnten;2023-03-07;218.24
Kärnten;2023-03-08;214.3
Kärnten;2023-03-09;210.14
Kärnten;2023-03-10;205.79
Kärnten;2023-03-11;201.32
Kärnten;2023-03-12;196.58
Kärnten;2023-03-13;191.71
Kärnten;2023-03-14;186.64
Kärnten;2023-03-15;181.46
Kärnten;2023-03-16;176.24
Kärnten;2023-03-17;170.92
Kärnten;2023-03-18;165.65
Kärnten;2023-03-19;160.27
Kärnten;2023-03-20;155.0
Kärnten;2023-03-21;149.7
Kärnten;2023-03-22;144.52
Kärnten;2023-03-23;139.45
Kärnten;2023-03-24;134.43
Kärnten;2023-03-25;129.42
Kärnten;2023-03-26;124.4
Kärnten;2023-03-27;119.36
Kärnten;2023-03-28;114.43
Kärnten;2023-03-29;109.65
Kärnten;2023-03-30;105.16
Kärnten;2023-03-31;100.87
Kärnten;2023-04-01;96.83
Kärnten;2023-04-02;93.07
Kärnten;2023-04-03;89.61
Kärnten;2023-04-04;86.51
Kärnten;2023-04-05;83.67
Kärnten;2023-04-06;81.1
Kärnten;2023-04-07;78.78
Kärnten;2023-04-08;76.61
Kärnten;2023-04-09;74.6
Kärnten;2023-04-10;72.72
Kärnten;2023-04-11;70.92
Kärnten;2023-04-12;69.26
Kärnten;2023-04-13;67.56
Kärnten;2023-04-14;65.94
Kärnten;2023-04-15;64.33
Kärnten;2023-04-16;62.67
Kärnten;2023-04-17;61.01
Kärnten;2023-04-18;59.44
Kärnten;2023-04-19;57.93
Kärnten;2023-04-20;56.61
Kärnten;2023-04-21;55.28
Kärnten;2023-04-22;54.0
Kärnten;2023-04-23;52.71
Kärnten;2023-04-24;51.4
Kärnten;2023-04-25;50.01
Kärnten;2023-04-26;48.5
Kärnten;2023-04-27;46.98
Kärnten;2023-04-28;45.39
Kärnten;2023-04-29;43.78
Kärnten;2023-04-30;42.26
Kärnten;2023-05-01;40.76
Kärnten;2023-05-02;39.4
Kärnten;2023-05-03;38.1
Kärnten;2023-05-04;36.88
Kärnten;2023-05-05;35.73
Kärnten;2023-05-06;34.55
Kärnten;2023-05-07;33.4
Kärnten;2023-05-08;32.22
Kärnten;2023-05-09;30.99
Kärnten;2023-05-10;29.83
Kärnten;2023-05-11;28.62
Kärnten;2023-05-12;27.43
Kärnten;2023-05-13;26.32
Kärnten;2023-05-14;25.21
Kärnten;2023-05-15;24.21
Kärnten;2023-05-16;23.28
Kärnten;2023-05-17;22.46
Kärnten;2023-05-18;21.68
Kärnten;2023-05-19;20.97
Kärnten;2023-05-20;20.34
Kärnten;2023-05-21;19.71
Kärnten;2023-05-22;19.07
Kärnten;2023-05-23;18.45
Kärnten;2023-05-24;17.84
Kärnten;2023-05-25;17.24
Kärnten;2023-05-26;16.64
Kärnten;2023-05-27;16.07
Kärnten;2023-05-28;15.54
Kärnten;2023-05-29;15.08
Kärnten;2023-05-30;14.64
Kärnten;2023-05-31;14.24
Kärnten;2023-06-01;13.89
Kärnten;2023-06-02;13.54
Kärnten;2023-06-03;13.21
Kärnten;2023-06-04;12.85
Kärnten;2023-06-05;12.42
Kärnten;2023-06-06;12.03
Kärnten;2023-06-07;11.59
Kärnten;2023-06-08;11.15
Kärnten;2023-06-09;10.7
Kärnten;2023-06-10;10.27
Kärnten;2023-06-11;9.89
Kärnten;2023-06-12;9.45
Kärnten;2023-06-13;9.06
Kärnten;2023-06-14;8.64
Kärnten;2023-06-15;8.25
Kärnten;2023-06-16;7.84
Kärnten;2023-06-17;7.49
Kärnten;2023-06-18;7.22
Kärnten;2023-06-19;6.98
Kärnten;2023-06-20;6.79
Kärnten;2023-06-21;6.65
Kärnten;2023-06-22;6.6
Kärnten;2023-06-23;6.56
Kärnten;2023-06-24;6.53
Kärnten;2023-06-25;6.52
Kärnten;2023-06-26;6.49
Kärnten;2023-06-27;6.51
Kärnten;2023-06-28;6.51
Kärnten;2023-06-29;6.52
Kärnten;2023-06-30;6.53
Kärnten;2023-07-01;6.62
Kärnten;2023-07-02;6.73
Kärnten;2023-07-03;6.94
Kärnten;2023-07-04;7.2
Kärnten;2023-07-05;7.5
Kärnten;2023-07-06;7.89
Kärnten;2023-07-07;8.27
Kärnten;2023-07-08;8.57
Kärnten;2023-07-09;8.9
Kärnten;2023-07-10;9.19
Kärnten;2023-07-11;9.38
Kärnten;2023-07-12;9.62
Kärnten;2023-07-13;9.82
Kärnten;2023-07-14;10.02
Kärnten;2023-07-15;10.28
Kärnten;2023-07-16;10.53
Kärnten;2023-07-17;10.84
Kärnten;2023-07-18;11.22
Kärnten;2023-07-19;11.68
Kärnten;2023-07-20;12.21
Kärnten;2023-07-21;12.81
Kärnten;2023-07-22;13.46
Kärnten;2023-07-23;14.22
Kärnten;2023-07-24;15.02
Kärnten;2023-07-25;15.9
Kärnten;2023-07-26;16.86
Kärnten;2023-07-27;17.83
Kärnten;2023-07-28;18.83
Kärnten;2023-07-29;19.7
Kärnten;2023-07-30;20.44
Kärnten;2023-07-31;21.01
Kärnten;2023-08-01;21.48
Kärnten;2023-08-02;21.8
Kärnten;2023-08-03;22.07
Kärnten;2023-08-04;22.3
Kärnten;2023-08-05;22.54
Kärnten;2023-08-06;22.83
Kärnten;2023-08-07;23.14
Kärnten;2023-08-08;23.45
Oberösterreich;2022-09-01;76.39
Oberösterreich;2022-09-02;77.18
Oberösterreich;2022-09-03;78.01
Oberösterreich;2022-09-04;79.02
Oberösterreich;2022-09-05;80.07
Oberösterreich;2022-09-06;81.21
Oberösterreich;2022-09-07;82.66
Oberösterreich;2022-09-08;84.4
Oberösterreich;2022-09-09;86.39
Oberösterreich;2022-09-10;88.73
Oberösterreich;2022-09-11;91.58
Oberösterreich;2022-09-12;94.9
Oberösterreich;2022-09-13;98.77
Oberösterreich;2022-09-14;103.03
Oberösterreich;2022-09-15;107.81
Oberösterreich;2022-09-16;113.07
Oberösterreich;2022-09-17;118.82
Oberösterreich;2022-09-18;125.27
Oberösterreich;2022-09-19;132.62
Oberösterreich;2022-09-20;140.84
Oberösterreich;2022-09-21;150.0
Oberösterreich;2022-09-22;160.08
Oberösterreich;2022-09-23;170.84
Oberösterreich;2022-09-24;182.33
Oberösterreich;2022-09-25;194.32
Oberösterreich;2022-09-26;206.81
Oberösterreich;2022-09-27;219.37
Oberösterreich;2022-09-28;231.65
Oberösterreich;2022-09-29;243.36
Oberösterreich;2022-09-30;254.18
Oberösterreich;2022-10-01;263.87
Oberösterreich;2022-10-02;272.11
Oberösterreich;2022-10-03;278.48
Oberösterreich;2022-10-04;282.79
Oberösterreich;2022-10-05;285.11
Oberösterreich;2022-10-06;285.46
Oberösterreich;2022-10-07;284.21
Oberösterreich;2022-10-08;281.36
Oberösterreich;2022-10-09;276.9
Oberösterreich;2022-10-10;270.72
Oberösterreich;2022-10-11;262.92
Oberösterreich;2022-10-12;253.84
Oberösterreich;2022-10-13;243.74
Oberösterreich;2022-10-14;232.87
Oberösterreich;2022-10-15;221.58
Oberösterreich;2022-10-16;210.19
Oberösterreich;2022-10-17;198.9
Oberösterreich;2022-10-18;188.25
Oberösterreich;2022-10-19;178.33
Oberösterreich;2022-10-20;169.34
Oberösterreich;2022-10-21;160.97
Oberösterreich;2022-10-22;153.19
Oberösterreich;2022-10-23;145.86
Oberösterreich;2022-10-24;138.87
Oberösterreich;2022-10-25;132.29
Oberösterreich;2022-10-26;125.99
Oberösterreich;2022-10-27;119.96
Oberösterreich;2022-10-28;114.34
Oberösterreich;2022-10-29;109.17
Oberösterreich;2022-10-30;104.6
Oberösterreich;2022-10-31;100.7
Oberösterreich;2022-11-01;97.5
Oberösterreich;2022-11-02;94.96
Oberösterreich;2022-11-03;92.94
Oberösterreich;2022-11-04;91.29
Oberösterreich;2022-11-05;89.94
Oberösterreich;2022-11-06;88.9
Oberösterreich;2022-11-07;88.2
Oberösterreich;2022-11-08;88.0
Oberösterreich;2022-11-09;88.19
Oberösterreich;2022-11-10;88.81
Oberösterreich;2022-11-11;89.71
Oberösterreich;2022-11-12;90.71
Oberösterreich;2022-11-13;91.8
Oberösterreich;2022-11-14;93.02
Oberösterreich;2022-11-15;94.28
Oberösterreich;2022-11-16;95.66
Oberösterreich;2022-11-17;97.1
Oberösterreich;2022-11-18;98.52
Oberösterreich;2022-11-19;99.97
Oberösterreich;2022-11-20;101.35
Oberösterreich;2022-11-21;102.69
Oberösterreich;2022-11-22;103.9
Oberösterreich;2022-11-23;105.12
Oberösterreich;2022-11-24;106.34
Oberösterreich;2022-11-25;107.55
Oberösterreich;2022-11-26;108.69
Oberösterreich;2022-11-27;109.75
Oberösterreich;2022-11-28;110.72
Oberösterreich;2022-11-29;111.7
Oberösterreich;2022-11-30;112.74
Oberösterreich;2022-12-01;113.81
Oberösterreich;2022-12-02;114.97
Oberösterreich;2022-12-03;116.16
Oberösterreich;2022-12-04;117.42
Oberösterreich;2022-12-05;118.79
Oberösterreich;2022-12-06;120.42
Oberösterreich;2022-12-07;122.35
Oberösterreich;2022-12-08;124.62
Oberösterreich;2022-12-09;126.93
Oberösterreich;2022-12-10;129.29
Oberösterreich;2022-12-11;131.44
Oberösterreich;2022-12-12;133.48
Oberösterreich;2022-12-13;135.38
Oberösterreich;2022-12-14;137.32
Oberösterreich;2022-12-15;139.23
Oberösterreich;2022-12-16;141.12
Oberösterreich;2022-12-17;142.75
Oberösterreich;2022-12-18;144.14
Oberösterreich;2022-12-19;145.16
Oberösterreich;2022-12-20;145.71
Oberösterreich;2022-12-21;146.04
Oberösterreich;2022-12-22;146.11
Oberösterreich;2022-12-23;146.03
Oberösterreich;2022-12-24;145.79
Oberösterreich;2022-12-25;145.52
Oberösterreich;2022-12-26;144.98
Oberösterreich;2022-12-27;144.19
Oberösterreich;2022-12-28;143.11
Oberösterreich;2022-12-29;141.6
Oberösterreich;2022-12-30;139.75
Oberösterreich;2022-12-31;137.64
Oberösterreich;2023-01-01;135.33
Oberösterreich;2023-01-02;132.8
Oberösterreich;2023-01-03;130.17
Oberösterreich;2023-01-04;127.33
Oberösterreich;2023-01-05;124.55
Oberösterreich;2023-01-06;121.9
Oberösterreich;2023-01-07;119.53
Oberösterreich;2023-01-08;117.54
Oberösterreich;2023-01-09;116.24
Oberösterreich;2023-01-10;115.51
Oberösterreich;2023-01-11;115.47
Oberösterreich;2023-01-12;115.98
Oberösterreich;2023-01-13;116.89
Oberösterreich;2023-01-14;118.21
Oberösterreich;2023-01-15;118.55
Oberösterreich;2023-01-16;120.53
Oberösterreich;2023-01-17;122.94
Oberösterreich;2023-01-18;125.86
Oberösterreich;2023-01-19;129.23
Oberösterreich;2023-01-20;132.95
Oberösterreich;2023-01-21;136.83
Oberösterreich;2023-01-22;140.85
Oberösterreich;2023-01-23;145.13
Oberösterreich;2023-01-24;149.76
Oberösterreich;2023-01-25;155.05
Oberösterreich;2023-01-26;160.91
Oberösterreich;2023-01-27;167.29
Oberösterreich;2023-01-28;174.1
Oberösterreich;2023-01-29;181.34
Oberösterreich;2023-01-30;189.04
Oberösterreich;2023-01-31;197.37
Oberösterreich;2023-02-01;206.31
Oberösterreich;2023-02-02;215.86
Oberösterreich;2023-02-03;225.85
Oberösterreich;2023-02-04;236.34
Oberösterreich;2023-02-05;247.26
Oberösterreich;2023-02-06;258.51
Oberösterreich;2023-02-07;270.08
Oberösterreich;2023-02-08;281.79
Oberösterreich;2023-02-09;293.59
Oberösterreich;2023-02-10;305.39
Oberösterreich;2023-02-11;317.1
Oberösterreich;2023-02-12;328.5
Oberösterreich;2023-02-13;339.63
Oberösterreich;2023-02-14;350.35
Oberösterreich;2023-02-15;360.54
Oberösterreich;2023-02-16;370.02
Oberösterreich;2023-02-17;378.42
Oberösterreich;2023-02-18;385.3
Oberösterreich;2023-02-19;390.06
Oberösterreich;2023-02-20;392.29
Oberösterreich;2023-02-21;391.85
Oberösterreich;2023-02-22;389.04
Oberösterreich;2023-02-23;384.51
Oberösterreich;2023-02-24;378.78
Oberösterreich;2023-02-25;372.45
Oberösterreich;2023-02-26;365.93
Oberösterreich;2023-02-27;359.55
Oberösterreich;2023-02-28;353.35
Oberösterreich;2023-03-01;347.4
Oberösterreich;2023-03-02;341.53
Oberösterreich;2023-03-03;335.8
Oberösterreich;2023-03-04;330.14
Oberösterreich;2023-03-05;324.48
Oberösterreich;2023-03-06;319.01
Oberösterreich;2023-03-07;313.7
Oberösterreich;2023-03-08;308.73
Oberösterreich;2023-03-09;303.97
Oberösterreich;2023-03-10;299.15
Oberösterreich;2023-03-11;294.22
Oberösterreich;2023-03-12;288.81
Oberösterreich;2023-03-13;282.6
Oberösterreich;2023-03-14;275.27
Oberösterreich;2023-03-15;266.74
Oberösterreich;2023-03-16;257.12
Oberösterreich;2023-03-17;246.78
Oberösterreich;2023-03-18;236.13
Oberösterreich;2023-03-19;225.46
Oberösterreich;2023-03-20;215.06
Oberösterreich;2023-03-21;205.07
Oberösterreich;2023-03-22;195.57
Oberösterreich;2023-03-23;186.56
Oberösterreich;2023-03-24;177.93
Oberösterreich;2023-03-25;169.74
Oberösterreich;2023-03-26;162.09
Oberösterreich;2023-03-27;155.0
Oberösterreich;2023-03-28;148.74
Oberösterreich;2023-03-29;143.29
Oberösterreich;2023-03-30;138.57
Oberösterreich;2023-03-31;134.5
Oberösterreich;2023-04-01;130.84
Oberösterreich;2023-04-02;127.44
Oberösterreich;2023-04-03;124.09
Oberösterreich;2023-04-04;120.71
Oberösterreich;2023-04-05;117.08
Oberösterreich;2023-04-06;113.21
Oberösterreich;2023-04-07;109.09
Oberösterreich;2023-04-08;104.95
Oberösterreich;2023-04-09;100.7
Oberösterreich;2023-04-10;96.52
Oberösterreich;2023-04-11;92.32
Oberösterreich;2023-04-12;88.27
Oberösterreich;2023-04-13;84.29
Oberösterreich;2023-04-14;80.42
Oberösterreich;2023-04-15;76.66
Oberösterreich;2023-04-16;73.06
Oberösterreich;2023-04-17;69.68
Oberösterreich;2023-04-18;66.61
Oberösterreich;2023-04-19;63.8
Oberösterreich;2023-04-20;61.32
Oberösterreich;2023-04-21;59.0
Oberösterreich;2023-04-22;56.93
Oberösterreich;2023-04-23;55.01
Oberösterreich;2023-04-24;53.24
Oberösterreich;2023-04-25;51.63
Oberösterreich;2023-04-26;50.1
Oberösterreich;2023-04-27;48.68
Oberösterreich;2023-04-28;47.36
Oberösterreich;2023-04-29;46.05
Oberösterreich;2023-04-30;44.74
Oberösterreich;2023-05-01;43.44
Oberösterreich;2023-05-02;42.16
Oberösterreich;2023-05-03;40.8
Oberösterreich;2023-05-04;39.43
Oberösterreich;2023-05-05;38.08
Oberösterreich;2023-05-06;36.69
Oberösterreich;2023-05-07;35.4
Oberösterreich;2023-05-08;34.14
Oberösterreich;2023-05-09;32.93
Oberösterreich;2023-05-10;31.93
Oberösterreich;2023-05-11;31.0
Oberösterreich;2023-05-12;30.22
Oberösterreich;2023-05-13;29.56
Oberösterreich;2023-05-14;28.96
Oberösterreich;2023-05-15;28.5
Oberösterreich;2023-05-16;28.21
Oberösterreich;2023-05-17;27.91
Oberösterreich;2023-05-18;27.68
Oberösterreich;2023-05-19;27.39
Oberösterreich;2023-05-20;27.12
Oberösterreich;2023-05-21;26.7
Oberösterreich;2023-05-22;26.16
Oberösterreich;2023-05-23;25.54
Oberösterreich;2023-05-24;24.81
Oberösterreich;2023-05-25;23.99
Oberösterreich;2023-05-26;23.09
Oberösterreich;2023-05-27;22.1
Oberösterreich;2023-05-28;21.13
Oberösterreich;2023-05-29;20.1
Oberösterreich;2023-05-30;19.07
Oberösterreich;2023-05-31;18.0
Oberösterreich;2023-06-01;17.02
Oberösterreich;2023-06-02;16.07
Oberösterreich;2023-06-03;15.09
Oberösterreich;2023-06-04;14.21
Oberösterreich;2023-06-05;13.4
Oberösterreich;2023-06-06;12.72
Oberösterreich;2023-06-07;12.13
Oberösterreich;2023-06-08;11.67
Oberösterreich;2023-06-09;11.23
Oberösterreich;2023-06-10;10.93
Oberösterreich;2023-06-11;10.78
Oberösterreich;2023-06-12;10.69
Oberösterreich;2023-06-13;10.69
Oberösterreich;2023-06-14;10.77
Oberösterreich;2023-06-15;10.97
Oberösterreich;2023-06-16;11.26
Oberösterreich;2023-06-17;11.51
Oberösterreich;2023-06-18;11.76
Oberösterreich;2023-06-19;11.94
Oberösterreich;2023-06-20;11.95
Oberösterreich;2023-06-21;11.83
Oberösterreich;2023-06-22;11.45
Oberösterreich;2023-06-23;11.03
Oberösterreich;2023-06-24;10.47
Oberösterreich;2023-06-25;9.91
Oberösterreich;2023-06-26;9.41
Oberösterreich;2023-06-27;8.9
Oberösterreich;2023-06-28;8.48
Oberösterreich;2023-06-29;8.12
Oberösterreich;2023-06-30;7.83
Oberösterreich;2023-07-01;7.56
Oberösterreich;2023-07-02;7.43
Oberösterreich;2023-07-03;7.29
Oberösterreich;2023-07-04;7.16
Oberösterreich;2023-07-05;7.15
Oberösterreich;2023-07-06;7.06
Oberösterreich;2023-07-07;7.05
Oberösterreich;2023-07-08;7.09
Oberösterreich;2023-07-09;7.08
Oberösterreich;2023-07-10;7.15
Oberösterreich;2023-07-11;7.28
Oberösterreich;2023-07-12;7.43
Oberösterreich;2023-07-13;7.58
Oberösterreich;2023-07-14;7.83
Oberösterreich;2023-07-15;8.09
Oberösterreich;2023-07-16;8.3
Oberösterreich;2023-07-17;8.62
Oberösterreich;2023-07-18;9.03
Oberösterreich;2023-07-19;9.48
Oberösterreich;2023-07-20;9.95
Oberösterreich;2023-07-21;10.49
Oberösterreich;2023-07-22;11.05
Oberösterreich;2023-07-23;11.62
Oberösterreich;2023-07-24;12.13
Oberösterreich;2023-07-25;12.64
Oberösterreich;2023-07-26;13.15
Oberösterreich;2023-07-27;13.67
Oberösterreich;2023-07-28;14.21
Oberösterreich;2023-07-29;14.78
Oberösterreich;2023-07-30;15.51
Oberösterreich;2023-07-31;16.35
Oberösterreich;2023-08-01;17.28
Oberösterreich;2023-08-02;18.32
Oberösterreich;2023-08-03;19.51
Oberösterreich;2023-08-04;20.68
Oberösterreich;2023-08-05;21.9
Oberösterreich;2023-08-06;23.2
Oberösterreich;2023-08-07;24.4
Oberösterreich;2023-08-08;25.56
Niederösterreich;2022-09-01;82.74
Niederösterreich;2022-09-02;82.4
Niederösterreich;2022-09-03;82.22
Niederösterreich;2022-09-04;82.23
Niederösterreich;2022-09-05;82.54
Niederösterreich;2022-09-06;83.14
Niederösterreich;2022-09-07;84.15
Niederösterreich;2022-09-08;85.52
Niederösterreich;2022-09-09;87.31
Niederösterreich;2022-09-10;89.4
Niederösterreich;2022-09-11;91.83
Niederösterreich;2022-09-12;94.61
Niederösterreich;2022-09-13;97.8
Niederösterreich;2022-09-14;101.42
Niederösterreich;2022-09-15;105.46
Niederösterreich;2022-09-16;109.94
Niederösterreich;2022-09-17;114.84
Niederösterreich;2022-09-18;120.19
Niederösterreich;2022-09-19;125.93
Niederösterreich;2022-09-20;132.13
Niederösterreich;2022-09-21;138.63
Niederösterreich;2022-09-22;145.53
Niederösterreich;2022-09-23;152.58
Niederösterreich;2022-09-24;159.79
Niederösterreich;2022-09-25;167.03
Niederösterreich;2022-09-26;174.14
Niederösterreich;2022-09-27;181.05
Niederösterreich;2022-09-28;187.6
Niederösterreich;2022-09-29;193.71
Niederösterreich;2022-09-30;199.29
Niederösterreich;2022-10-01;204.35
Niederösterreich;2022-10-02;208.86
Niederösterreich;2022-10-03;212.74
Niederösterreich;2022-10-04;215.87
Niederösterreich;2022-10-05;218.1
Niederösterreich;2022-10-06;219.33
Niederösterreich;2022-10-07;219.46
Niederösterreich;2022-10-08;218.55
Niederösterreich;2022-10-09;216.54
Niederösterreich;2022-10-10;213.54
Niederösterreich;2022-10-11;209.75
Niederösterreich;2022-10-12;205.46
Niederösterreich;2022-10-13;200.98
Niederösterreich;2022-10-14;196.41
Niederösterreich;2022-10-15;191.83
Niederösterreich;2022-10-16;187.18
Niederösterreich;2022-10-17;182.4
Niederösterreich;2022-10-18;177.62
Niederösterreich;2022-10-19;172.75
Niederösterreich;2022-10-20;167.86
Niederösterreich;2022-10-21;162.96
Niederösterreich;2022-10-22;158.14
Niederösterreich;2022-10-23;153.35
Niederösterreich;2022-10-24;148.73
Niederösterreich;2022-10-25;144.31
Niederösterreich;2022-10-26;140.08
Niederösterreich;2022-10-27;136.09
Niederösterreich;2022-10-28;132.34
Niederösterreich;2022-10-29;128.84
Niederösterreich;2022-10-30;125.6
Niederösterreich;2022-10-31;122.62
Niederösterreich;2022-11-01;120.03
Niederösterreich;2022-11-02;117.81
Niederösterreich;2022-11-03;116.03
Niederösterreich;2022-11-04;114.61
Niederösterreich;2022-11-05;113.44
Niederösterreich;2022-11-06;112.55
Niederösterreich;2022-11-07;111.86
Niederösterreich;2022-11-08;111.42
Niederösterreich;2022-11-09;111.24
Niederösterreich;2022-11-10;111.32
Niederösterreich;2022-11-11;111.73
Niederösterreich;2022-11-12;112.45
Niederösterreich;2022-11-13;113.54
Niederösterreich;2022-11-14;115.02
Niederösterreich;2022-11-15;116.94
Niederösterreich;2022-11-16;119.21
Niederösterreich;2022-11-17;121.86
Niederösterreich;2022-11-18;124.74
Niederösterreich;2022-11-19;127.88
Niederösterreich;2022-11-20;131.19
Niederösterreich;2022-11-21;134.67
Niederösterreich;2022-11-22;138.31
Niederösterreich;2022-11-23;142.08
Niederösterreich;2022-11-24;146.04
Niederösterreich;2022-11-25;150.11
Niederösterreich;2022-11-26;154.18
Niederösterreich;2022-11-27;158.13
Niederösterreich;2022-11-28;161.94
Niederösterreich;2022-11-29;165.65
Niederösterreich;2022-11-30;169.28
Niederösterreich;2022-12-01;172.84
Niederösterreich;2022-12-02;176.34
Niederösterreich;2022-12-03;179.62
Niederösterreich;2022-12-04;182.66
Niederösterreich;2022-12-05;185.36
Niederösterreich;2022-12-06;187.73
Niederösterreich;2022-12-07;189.8
Niederösterreich;2022-12-08;191.68
Niederösterreich;2022-12-09;193.19
Niederösterreich;2022-12-10;194.44
Niederösterreich;2022-12-11;195.27
Niederösterreich;2022-12-12;195.77
Niederösterreich;2022-12-13;196.06
Niederösterreich;2022-12-14;196.27
Niederösterreich;2022-12-15;196.55
Niederösterreich;2022-12-16;196.86
Niederösterreich;2022-12-17;197.02
Niederösterreich;2022-12-18;197.0
Niederösterreich;2022-12-19;196.68
Niederösterreich;2022-12-20;196.04
Niederösterreich;2022-12-21;195.21
Niederösterreich;2022-12-22;194.29
Niederösterreich;2022-12-23;193.3
Niederösterreich;2022-12-24;192.22
Niederösterreich;2022-12-25;190.98
Niederösterreich;2022-12-26;189.54
Niederösterreich;2022-12-27;187.77
Niederösterreich;2022-12-28;185.63
Niederösterreich;2022-12-29;183.06
Niederösterreich;2022-12-30;180.02
Niederösterreich;2022-12-31;176.55
Niederösterreich;2023-01-01;172.73
Niederösterreich;2023-01-02;168.55
Niederösterreich;2023-01-03;164.03
Niederösterreich;2023-01-04;159.24
Niederösterreich;2023-01-05;154.22
Niederösterreich;2023-01-06;149.17
Niederösterreich;2023-01-07;144.1
Niederösterreich;2023-01-08;139.2
Niederösterreich;2023-01-09;134.51
Niederösterreich;2023-01-10;130.01
Niederösterreich;2023-01-11;125.73
Niederösterreich;2023-01-12;121.61
Niederösterreich;2023-01-13;117.73
Niederösterreich;2023-01-14;114.18
Niederösterreich;2023-01-15;111.23
Niederösterreich;2023-01-16;108.92
Niederösterreich;2023-01-17;107.32
Niederösterreich;2023-01-18;106.11
Niederösterreich;2023-01-19;105.95
Niederösterreich;2023-01-20;106.53
Niederösterreich;2023-01-21;107.85
Niederösterreich;2023-01-22;115.74
Niederösterreich;2023-01-23;120.87
Niederösterreich;2023-01-24;124.67
Niederösterreich;2023-01-25;129.21
Niederösterreich;2023-01-26;134.31
Niederösterreich;2023-01-27;139.84
Niederösterreich;2023-01-28;145.59
Niederösterreich;2023-01-29;150.87
Niederösterreich;2023-01-30;156.34
Niederösterreich;2023-01-31;161.88
Niederösterreich;2023-02-01;167.54
Niederösterreich;2023-02-02;173.34
Niederösterreich;2023-02-03;179.28
Niederösterreich;2023-02-04;185.3
Niederösterreich;2023-02-05;191.42
Niederösterreich;2023-02-06;197.56
Niederösterreich;2023-02-07;202.9
Niederösterreich;2023-02-08;208.55
Niederösterreich;2023-02-09;214.1
Niederösterreich;2023-02-10;219.5
Niederösterreich;2023-02-11;224.7
Niederösterreich;2023-02-12;229.56
Niederösterreich;2023-02-13;233.91
Niederösterreich;2023-02-14;237.61
Niederösterreich;2023-02-15;240.49
Niederösterreich;2023-02-16;242.59
Niederösterreich;2023-02-17;244.13
Niederösterreich;2023-02-18;245.42
Niederösterreich;2023-02-19;246.67
Niederösterreich;2023-02-20;248.12
Niederösterreich;2023-02-21;249.75
Niederösterreich;2023-02-22;251.48
Niederösterreich;2023-02-23;253.09
Niederösterreich;2023-02-24;254.52
Niederösterreich;2023-02-25;255.63
Niederösterreich;2023-02-26;256.46
Niederösterreich;2023-02-27;257.08
Niederösterreich;2023-02-28;257.62
Niederösterreich;2023-03-01;258.19
Niederösterreich;2023-03-02;258.87
Niederösterreich;2023-03-03;259.61
Niederösterreich;2023-03-04;260.23
Niederösterreich;2023-03-05;260.59
Niederösterreich;2023-03-06;260.48
Niederösterreich;2023-03-07;259.74
Niederösterreich;2023-03-08;258.27
Niederösterreich;2023-03-09;256.02
Niederösterreich;2023-03-10;253.02
Niederösterreich;2023-03-11;249.28
Niederösterreich;2023-03-12;244.93
Niederösterreich;2023-03-13;240.13
Niederösterreich;2023-03-14;234.99
Niederösterreich;2023-03-15;229.77
Niederösterreich;2023-03-16;224.54
Niederösterreich;2023-03-17;219.27
Niederösterreich;2023-03-18;213.9
Niederösterreich;2023-03-19;208.24
Niederösterreich;2023-03-20;202.18
Niederösterreich;2023-03-21;195.76
Niederösterreich;2023-03-22;188.92
Niederösterreich;2023-03-23;181.76
Niederösterreich;2023-03-24;174.43
Niederösterreich;2023-03-25;167.03
Niederösterreich;2023-03-26;159.63
Niederösterreich;2023-03-27;152.43
Niederösterreich;2023-03-28;145.58
Niederösterreich;2023-03-29;139.21
Niederösterreich;2023-03-30;133.35
Niederösterreich;2023-03-31;127.99
Niederösterreich;2023-04-01;123.01
Niederösterreich;2023-04-02;118.38
Niederösterreich;2023-04-03;113.96
Niederösterreich;2023-04-04;109.79
Niederösterreich;2023-04-05;105.72
Niederösterreich;2023-04-06;101.79
Niederösterreich;2023-04-07;97.93
Niederösterreich;2023-04-08;94.16
Niederösterreich;2023-04-09;90.45
Niederösterreich;2023-04-10;86.9
Niederösterreich;2023-04-11;83.48
Niederösterreich;2023-04-12;80.26
Niederösterreich;2023-04-13;77.28
Niederösterreich;2023-04-14;74.55
Niederösterreich;2023-04-15;72.08
Niederösterreich;2023-04-16;69.9
Niederösterreich;2023-04-17;68.0
Niederösterreich;2023-04-18;66.36
Niederösterreich;2023-04-19;64.95
Niederösterreich;2023-04-20;63.74
Niederösterreich;2023-04-21;62.61
Niederösterreich;2023-04-22;61.55
Niederösterreich;2023-04-23;60.42
Niederösterreich;2023-04-24;59.23
Niederösterreich;2023-04-25;57.96
Niederösterreich;2023-04-26;56.67
Niederösterreich;2023-04-27;55.38
Niederösterreich;2023-04-28;54.05
Niederösterreich;2023-04-29;52.78
Niederösterreich;2023-04-30;51.52
Niederösterreich;2023-05-01;50.25
Niederösterreich;2023-05-02;48.96
Niederösterreich;2023-05-03;47.73
Niederösterreich;2023-05-04;46.52
Niederösterreich;2023-05-05;45.31
Niederösterreich;2023-05-06;44.07
Niederösterreich;2023-05-07;42.83
Niederösterreich;2023-05-08;41.56
Niederösterreich;2023-05-09;40.32
Niederösterreich;2023-05-10;39.11
Niederösterreich;2023-05-11;37.9
Niederösterreich;2023-05-12;36.72
Niederösterreich;2023-05-13;35.54
Niederösterreich;2023-05-14;34.4
Niederösterreich;2023-05-15;33.26
Niederösterreich;2023-05-16;32.21
Niederösterreich;2023-05-17;31.21
Niederösterreich;2023-05-18;30.28
Niederösterreich;2023-05-19;29.38
Niederösterreich;2023-05-20;28.51
Niederösterreich;2023-05-21;27.68
Niederösterreich;2023-05-22;26.76
Niederösterreich;2023-05-23;25.87
Niederösterreich;2023-05-24;24.96
Niederösterreich;2023-05-25;24.07
Niederösterreich;2023-05-26;23.19
Niederösterreich;2023-05-27;22.35
Niederösterreich;2023-05-28;21.52
Niederösterreich;2023-05-29;20.74
Niederösterreich;2023-05-30;19.97
Niederösterreich;2023-05-31;19.3
Niederösterreich;2023-06-01;18.66
Niederösterreich;2023-06-02;18.13
Niederösterreich;2023-06-03;17.62
Niederösterreich;2023-06-04;17.17
Niederösterreich;2023-06-05;16.81
Niederösterreich;2023-06-06;16.49
Niederösterreich;2023-06-07;16.27
Niederösterreich;2023-06-08;16.05
Niederösterreich;2023-06-09;15.89
Niederösterreich;2023-06-10;15.77
Niederösterreich;2023-06-11;15.6
Niederösterreich;2023-06-12;15.42
Niederösterreich;2023-06-13;15.22
Niederösterreich;2023-06-14;15.01
Niederösterreich;2023-06-15;14.78
Niederösterreich;2023-06-16;14.54
Niederösterreich;2023-06-17;14.27
Niederösterreich;2023-06-18;14.04
Niederösterreich;2023-06-19;13.77
Niederösterreich;2023-06-20;13.47
Niederösterreich;2023-06-21;13.16
Niederösterreich;2023-06-22;12.81
Niederösterreich;2023-06-23;12.45
Niederösterreich;2023-06-24;12.1
Niederösterreich;2023-06-25;11.78
Niederösterreich;2023-06-26;11.52
Niederösterreich;2023-06-27;11.3
Niederösterreich;2023-06-28;11.15
Niederösterreich;2023-06-29;11.05
Niederösterreich;2023-06-30;11.0
Niederösterreich;2023-07-01;10.93
Niederösterreich;2023-07-02;10.89
Niederösterreich;2023-07-03;10.8
Niederösterreich;2023-07-04;10.69
Niederösterreich;2023-07-05;10.58
Niederösterreich;2023-07-06;10.44
Niederösterreich;2023-07-07;10.36
Niederösterreich;2023-07-08;10.29
Niederösterreich;2023-07-09;10.27
Niederösterreich;2023-07-10;10.33
Niederösterreich;2023-07-11;10.44
Niederösterreich;2023-07-12;10.66
Niederösterreich;2023-07-13;10.9
Niederösterreich;2023-07-14;11.19
Niederösterreich;2023-07-15;11.54
Niederösterreich;2023-07-16;11.89
Niederösterreich;2023-07-17;12.24
Niederösterreich;2023-07-18;12.6
Niederösterreich;2023-07-19;12.96
Niederösterreich;2023-07-20;13.32
Niederösterreich;2023-07-21;13.69
Niederösterreich;2023-07-22;14.09
Niederösterreich;2023-07-23;14.49
Niederösterreich;2023-07-24;15.0
Niederösterreich;2023-07-25;15.55
Niederösterreich;2023-07-26;16.17
Niederösterreich;2023-07-27;16.92
Niederösterreich;2023-07-28;17.76
Niederösterreich;2023-07-29;18.71
Niederösterreich;2023-07-30;19.76
Niederösterreich;2023-07-31;20.96
Niederösterreich;2023-08-01;22.24
Niederösterreich;2023-08-02;23.65
Niederösterreich;2023-08-03;25.14
Niederösterreich;2023-08-04;26.71
Niederösterreich;2023-08-05;28.26
Niederösterreich;2023-08-06;29.83
Niederösterreich;2023-08-07;31.37
Niederösterreich;2023-08-08;32.77
Steiermark;2022-09-01;93.53
Steiermark;2022-09-02;94.79
Steiermark;2022-09-03;96.28
Steiermark;2022-09-04;98.0
Steiermark;2022-09-05;100.03
Steiermark;2022-09-06;102.47
Steiermark;2022-09-07;105.51
Steiermark;2022-09-08;109.34
Steiermark;2022-09-09;113.82
Steiermark;2022-09-10;118.84
Steiermark;2022-09-11;124.43
Steiermark;2022-09-12;130.66
Steiermark;2022-09-13;137.43
Steiermark;2022-09-14;144.91
Steiermark;2022-09-15;152.93
Steiermark;2022-09-16;161.19
Steiermark;2022-09-17;169.28
Steiermark;2022-09-18;176.85
Steiermark;2022-09-19;183.64
Steiermark;2022-09-20;189.84
Steiermark;2022-09-21;195.83
Steiermark;2022-09-22;201.8
Steiermark;2022-09-23;208.16
Steiermark;2022-09-24;214.91
Steiermark;2022-09-25;222.07
Steiermark;2022-09-26;229.63
Steiermark;2022-09-27;237.14
Steiermark;2022-09-28;244.14
Steiermark;2022-09-29;250.38
Steiermark;2022-09-30;255.62
Steiermark;2022-10-01;259.69
Steiermark;2022-10-02;262.7
Steiermark;2022-10-03;264.66
Steiermark;2022-10-04;265.74
Steiermark;2022-10-05;266.07
Steiermark;2022-10-06;265.75
Steiermark;2022-10-07;264.65
Steiermark;2022-10-08;262.46
Steiermark;2022-10-09;259.03
Steiermark;2022-10-10;254.06
Steiermark;2022-10-11;247.81
Steiermark;2022-10-12;240.56
Steiermark;2022-10-13;232.72
Steiermark;2022-10-14;224.32
Steiermark;2022-10-15;215.39
Steiermark;2022-10-16;205.89
Steiermark;2022-10-17;195.77
Steiermark;2022-10-18;185.22
Steiermark;2022-10-19;174.59
Steiermark;2022-10-20;163.97
Steiermark;2022-10-21;153.64
Steiermark;2022-10-22;143.68
Steiermark;2022-10-23;134.24
Steiermark;2022-10-24;125.39
Steiermark;2022-10-25;117.22
Steiermark;2022-10-26;109.85
Steiermark;2022-10-27;103.22
Steiermark;2022-10-28;97.33
Steiermark;2022-10-29;92.19
Steiermark;2022-10-30;87.69
Steiermark;2022-10-31;84.0
Steiermark;2022-11-01;80.99
Steiermark;2022-11-02;78.64
Steiermark;2022-11-03;76.79
Steiermark;2022-11-04;75.42
Steiermark;2022-11-05;74.39
Steiermark;2022-11-06;73.73
Steiermark;2022-11-07;73.24
Steiermark;2022-11-08;73.11
Steiermark;2022-11-09;73.47
Steiermark;2022-11-10;74.28
Steiermark;2022-11-11;75.56
Steiermark;2022-11-12;77.27
Steiermark;2022-11-13;79.37
Steiermark;2022-11-14;81.9
Steiermark;2022-11-15;84.83
Steiermark;2022-11-16;88.17
Steiermark;2022-11-17;91.9
Steiermark;2022-11-18;96.0
Steiermark;2022-11-19;100.43
Steiermark;2022-11-20;105.13
Steiermark;2022-11-21;110.03
Steiermark;2022-11-22;115.15
Steiermark;2022-11-23;120.46
Steiermark;2022-11-24;125.84
Steiermark;2022-11-25;131.33
Steiermark;2022-11-26;136.58
Steiermark;2022-11-27;141.6
Steiermark;2022-11-28;146.23
Steiermark;2022-11-29;150.43
Steiermark;2022-11-30;154.3
Steiermark;2022-12-01;157.79
Steiermark;2022-12-02;161.05
Steiermark;2022-12-03;164.03
Steiermark;2022-12-04;166.74
Steiermark;2022-12-05;169.3
Steiermark;2022-12-06;171.54
Steiermark;2022-12-07;173.64
Steiermark;2022-12-08;175.47
Steiermark;2022-12-09;177.1
Steiermark;2022-12-10;178.53
Steiermark;2022-12-11;179.76
Steiermark;2022-12-12;180.81
Steiermark;2022-12-13;181.74
Steiermark;2022-12-14;182.75
Steiermark;2022-12-15;183.77
Steiermark;2022-12-16;184.79
Steiermark;2022-12-17;185.46
Steiermark;2022-12-18;185.6
Steiermark;2022-12-19;184.96
Steiermark;2022-12-20;183.73
Steiermark;2022-12-21;181.98
Steiermark;2022-12-22;179.97
Steiermark;2022-12-23;177.76
Steiermark;2022-12-24;175.47
Steiermark;2022-12-25;173.11
Steiermark;2022-12-26;170.52
Steiermark;2022-12-27;167.87
Steiermark;2022-12-28;164.82
Steiermark;2022-12-29;161.51
Steiermark;2022-12-30;157.87
Steiermark;2022-12-31;153.92
Steiermark;2023-01-01;149.78
Steiermark;2023-01-02;145.6
Steiermark;2023-01-03;141.58
Steiermark;2023-01-04;137.82
Steiermark;2023-01-05;134.59
Steiermark;2023-01-06;131.75
Steiermark;2023-01-07;129.43
Steiermark;2023-01-08;127.35
Steiermark;2023-01-09;125.66
Steiermark;2023-01-10;124.16
Steiermark;2023-01-11;122.9
Steiermark;2023-01-12;121.79
Steiermark;2023-01-13;120.92
Steiermark;2023-01-14;120.32
Steiermark;2023-01-15;119.5
Steiermark;2023-01-16;119.37
Steiermark;2023-01-17;116.51
Steiermark;2023-01-18;117.07
Steiermark;2023-01-19;117.94
Steiermark;2023-01-20;119.17
Steiermark;2023-01-21;120.68
Steiermark;2023-01-22;122.47
Steiermark;2023-01-23;124.68
Steiermark;2023-01-24;127.33
Steiermark;2023-01-25;130.55
Steiermark;2023-01-26;134.25
Steiermark;2023-01-27;138.36
Steiermark;2023-01-28;142.79
Steiermark;2023-01-29;147.41
Steiermark;2023-01-30;152.09
Steiermark;2023-01-31;156.85
Steiermark;2023-02-01;161.89
Steiermark;2023-02-02;167.04
Steiermark;2023-02-03;172.34
Steiermark;2023-02-04;177.54
Steiermark;2023-02-05;182.7
Steiermark;2023-02-06;187.52
Steiermark;2023-02-07;192.28
Steiermark;2023-02-08;196.89
Steiermark;2023-02-09;201.42
Steiermark;2023-02-10;205.92
Steiermark;2023-02-11;210.3
Steiermark;2023-02-12;214.51
Steiermark;2023-02-13;218.44
Steiermark;2023-02-14;222.26
Steiermark;2023-02-15;225.99
Steiermark;2023-02-16;229.62
Steiermark;2023-02-17;233.27
Steiermark;2023-02-18;237.0
Steiermark;2023-02-19;240.8
Steiermark;2023-02-20;244.59
Steiermark;2023-02-21;248.56
Steiermark;2023-02-22;252.49
Steiermark;2023-02-23;256.38
Steiermark;2023-02-24;259.8
Steiermark;2023-02-25;262.52
Steiermark;2023-02-26;264.2
Steiermark;2023-02-27;264.62
Steiermark;2023-02-28;263.72
Steiermark;2023-03-01;261.65
Steiermark;2023-03-02;258.69
Steiermark;2023-03-03;255.15
Steiermark;2023-03-04;251.05
Steiermark;2023-03-05;246.54
Steiermark;2023-03-06;241.63
Steiermark;2023-03-07;236.32
Steiermark;2023-03-08;230.61
Steiermark;2023-03-09;224.49
Steiermark;2023-03-10;217.95
Steiermark;2023-03-11;211.07
Steiermark;2023-03-12;203.8
Steiermark;2023-03-13;196.27
Steiermark;2023-03-14;188.47
Steiermark;2023-03-15;180.65
Steiermark;2023-03-16;172.84
Steiermark;2023-03-17;165.12
Steiermark;2023-03-18;157.53
Steiermark;2023-03-19;150.18
Steiermark;2023-03-20;143.04
Steiermark;2023-03-21;136.26
Steiermark;2023-03-22;129.86
Steiermark;2023-03-23;123.83
Steiermark;2023-03-24;118.14
Steiermark;2023-03-25;112.79
Steiermark;2023-03-26;107.79
Steiermark;2023-03-27;103.08
Steiermark;2023-03-28;98.65
Steiermark;2023-03-29;94.46
Steiermark;2023-03-30;90.49
Steiermark;2023-03-31;86.67
Steiermark;2023-04-01;83.07
Steiermark;2023-04-02;79.87
Steiermark;2023-04-03;77.03
Steiermark;2023-04-04;74.59
Steiermark;2023-04-05;72.44
Steiermark;2023-04-06;70.64
Steiermark;2023-04-07;68.98
Steiermark;2023-04-08;67.56
Steiermark;2023-04-09;66.23
Steiermark;2023-04-10;64.93
Steiermark;2023-04-11;63.77
Steiermark;2023-04-12;62.66
Steiermark;2023-04-13;61.61
Steiermark;2023-04-14;60.46
Steiermark;2023-04-15;59.33
Steiermark;2023-04-16;58.11
Steiermark;2023-04-17;56.72
Steiermark;2023-04-18;55.32
Steiermark;2023-04-19;53.92
Steiermark;2023-04-20;52.59
Steiermark;2023-04-21;51.24
Steiermark;2023-04-22;49.84
Steiermark;2023-04-23;48.49
Steiermark;2023-04-24;47.13
Steiermark;2023-04-25;45.76
Steiermark;2023-04-26;44.31
Steiermark;2023-04-27;42.77
Steiermark;2023-04-28;41.34
Steiermark;2023-04-29;39.84
Steiermark;2023-04-30;38.43
Steiermark;2023-05-01;37.11
Steiermark;2023-05-02;35.94
Steiermark;2023-05-03;34.96
Steiermark;2023-05-04;34.09
Steiermark;2023-05-05;33.38
Steiermark;2023-05-06;32.79
Steiermark;2023-05-07;32.21
Steiermark;2023-05-08;31.65
Steiermark;2023-05-09;31.0
Steiermark;2023-05-10;30.23
Steiermark;2023-05-11;29.46
Steiermark;2023-05-12;28.67
Steiermark;2023-05-13;27.92
Steiermark;2023-05-14;27.21
Steiermark;2023-05-15;26.61
Steiermark;2023-05-16;26.14
Steiermark;2023-05-17;25.67
Steiermark;2023-05-18;25.31
Steiermark;2023-05-19;24.91
Steiermark;2023-05-20;24.44
Steiermark;2023-05-21;23.85
Steiermark;2023-05-22;23.19
Steiermark;2023-05-23;22.38
Steiermark;2023-05-24;21.56
Steiermark;2023-05-25;20.76
Steiermark;2023-05-26;19.94
Steiermark;2023-05-27;19.12
Steiermark;2023-05-28;18.34
Steiermark;2023-05-29;17.61
Steiermark;2023-05-30;16.84
Steiermark;2023-05-31;16.12
Steiermark;2023-06-01;15.43
Steiermark;2023-06-02;14.72
Steiermark;2023-06-03;14.14
Steiermark;2023-06-04;13.49
Steiermark;2023-06-05;12.94
Steiermark;2023-06-06;12.31
Steiermark;2023-06-07;11.77
Steiermark;2023-06-08;11.17
Steiermark;2023-06-09;10.66
Steiermark;2023-06-10;10.09
Steiermark;2023-06-11;9.57
Steiermark;2023-06-12;9.01
Steiermark;2023-06-13;8.52
Steiermark;2023-06-14;8.06
Steiermark;2023-06-15;7.66
Steiermark;2023-06-16;7.28
Steiermark;2023-06-17;6.97
Steiermark;2023-06-18;6.69
Steiermark;2023-06-19;6.48
Steiermark;2023-06-20;6.29
Steiermark;2023-06-21;6.13
Steiermark;2023-06-22;6.04
Steiermark;2023-06-23;6.04
Steiermark;2023-06-24;6.03
Steiermark;2023-06-25;6.07
Steiermark;2023-06-26;6.16
Steiermark;2023-06-27;6.28
Steiermark;2023-06-28;6.46
Steiermark;2023-06-29;6.67
Steiermark;2023-06-30;6.86
Steiermark;2023-07-01;7.11
Steiermark;2023-07-02;7.36
Steiermark;2023-07-03;7.58
Steiermark;2023-07-04;7.81
Steiermark;2023-07-05;8.02
Steiermark;2023-07-06;8.23
Steiermark;2023-07-07;8.51
Steiermark;2023-07-08;8.69
Steiermark;2023-07-09;8.96
Steiermark;2023-07-10;9.2
Steiermark;2023-07-11;9.44
Steiermark;2023-07-12;9.59
Steiermark;2023-07-13;9.8
Steiermark;2023-07-14;10.02
Steiermark;2023-07-15;10.31
Steiermark;2023-07-16;10.56
Steiermark;2023-07-17;10.87
Steiermark;2023-07-18;11.21
Steiermark;2023-07-19;11.63
Steiermark;2023-07-20;12.02
Steiermark;2023-07-21;12.41
Steiermark;2023-07-22;12.83
Steiermark;2023-07-23;13.33
Steiermark;2023-07-24;13.85
Steiermark;2023-07-25;14.32
Steiermark;2023-07-26;14.87
Steiermark;2023-07-27;15.29
Steiermark;2023-07-28;15.72
Steiermark;2023-07-29;16.17
Steiermark;2023-07-30;16.55
Steiermark;2023-07-31;16.88
Steiermark;2023-08-01;17.27
Steiermark;2023-08-02;17.68
Steiermark;2023-08-03;18.13
Steiermark;2023-08-04;18.75
Steiermark;2023-08-05;19.43
Steiermark;2023-08-06;20.25
Steiermark;2023-08-07;21.13
Steiermark;2023-08-08;21.99
Wien;2022-09-01;118.9
Wien;2022-09-02;117.7
Wien;2022-09-03;116.5
Wien;2022-09-04;115.2
Wien;2022-09-05;114.0
Wien;2022-09-06;112.8
Wien;2022-09-07;111.7
Wien;2022-09-08;110.7
Wien;2022-09-09;110.2
Wien;2022-09-10;110.1
Wien;2022-09-11;110.7
Wien;2022-09-12;112.2
Wien;2022-09-13;114.5
Wien;2022-09-14;117.6
Wien;2022-09-15;121.2
Wien;2022-09-16;125.4
Wien;2022-09-17;130.0
Wien;2022-09-18;135.1
Wien;2022-09-19;140.7
Wien;2022-09-20;146.9
Wien;2022-09-21;153.6
Wien;2022-09-22;160.7
Wien;2022-09-23;167.9
Wien;2022-09-24;175.2
Wien;2022-09-25;182.5
Wien;2022-09-26;189.7
Wien;2022-09-27;197.1
Wien;2022-09-28;204.6
Wien;2022-09-29;212.1
Wien;2022-09-30;219.5
Wien;2022-10-01;226.3
Wien;2022-10-02;232.2
Wien;2022-10-03;237.0
Wien;2022-10-04;240.6
Wien;2022-10-05;243.1
Wien;2022-10-06;244.7
Wien;2022-10-07;245.5
Wien;2022-10-08;245.3
Wien;2022-10-09;244.0
Wien;2022-10-10;241.5
Wien;2022-10-11;237.8
Wien;2022-10-12;233.0
Wien;2022-10-13;227.4
Wien;2022-10-14;221.4
Wien;2022-10-15;215.2
Wien;2022-10-16;209.3
Wien;2022-10-17;203.9
Wien;2022-10-18;199.0
Wien;2022-10-19;194.5
Wien;2022-10-20;190.4
Wien;2022-10-21;186.4
Wien;2022-10-22;182.5
Wien;2022-10-23;178.3
Wien;2022-10-24;173.9
Wien;2022-10-25;169.2
Wien;2022-10-26;164.4
Wien;2022-10-27;159.6
Wien;2022-10-28;154.8
Wien;2022-10-29;150.1
Wien;2022-10-30;145.6
Wien;2022-10-31;141.4
Wien;2022-11-01;137.8
Wien;2022-11-02;134.8
Wien;2022-11-03;132.4
Wien;2022-11-04;130.6
Wien;2022-11-05;129.6
Wien;2022-11-06;129.3
Wien;2022-11-07;130.0
Wien;2022-11-08;131.8
Wien;2022-11-09;134.5
Wien;2022-11-10;138.0
Wien;2022-11-11;142.1
Wien;2022-11-12;146.4
Wien;2022-11-13;150.9
Wien;2022-11-14;155.4
Wien;2022-11-15;160.1
Wien;2022-11-16;164.9
Wien;2022-11-17;169.8
Wien;2022-11-18;174.8
Wien;2022-11-19;179.5
Wien;2022-11-20;183.9
Wien;2022-11-21;187.9
Wien;2022-11-22;191.5
Wien;2022-11-23;194.6
Wien;2022-11-24;197.4
Wien;2022-11-25;199.9
Wien;2022-11-26;202.0
Wien;2022-11-27;203.9
Wien;2022-11-28;205.4
Wien;2022-11-29;206.7
Wien;2022-11-30;207.9
Wien;2022-12-01;209.1
Wien;2022-12-02;210.5
Wien;2022-12-03;212.0
Wien;2022-12-04;213.8
Wien;2022-12-05;215.9
Wien;2022-12-06;218.3
Wien;2022-12-07;221.1
Wien;2022-12-08;224.2
Wien;2022-12-09;227.7
Wien;2022-12-10;231.4
Wien;2022-12-11;235.5
Wien;2022-12-12;239.9
Wien;2022-12-13;244.8
Wien;2022-12-14;250.0
Wien;2022-12-15;255.3
Wien;2022-12-16;260.4
Wien;2022-12-17;264.8
Wien;2022-12-18;268.2
Wien;2022-12-19;270.3
Wien;2022-12-20;271.0
Wien;2022-12-21;270.4
Wien;2022-12-22;268.8
Wien;2022-12-23;266.5
Wien;2022-12-24;263.7
Wien;2022-12-25;260.4
Wien;2022-12-26;256.7
Wien;2022-12-27;252.7
Wien;2022-12-28;248.4
Wien;2022-12-29;243.7
Wien;2022-12-30;238.7
Wien;2022-12-31;233.3
Wien;2023-01-01;227.6
Wien;2023-01-02;221.3
Wien;2023-01-03;214.6
Wien;2023-01-04;207.5
Wien;2023-01-05;200.1
Wien;2023-01-06;192.6
Wien;2023-01-07;185.2
Wien;2023-01-08;178.1
Wien;2023-01-09;171.3
Wien;2023-01-10;165.1
Wien;2023-01-11;159.5
Wien;2023-01-12;154.5
Wien;2023-01-13;150.0
Wien;2023-01-14;146.2
Wien;2023-01-15;143.3
Wien;2023-01-16;141.3
Wien;2023-01-17;140.4
Wien;2023-01-18;140.6
Wien;2023-01-19;141.7
Wien;2023-01-20;143.8
Wien;2023-01-21;146.8
Wien;2023-01-22;150.8
Wien;2023-01-23;155.7
Wien;2023-01-24;161.6
Wien;2023-01-25;168.2
Wien;2023-01-26;175.5
Wien;2023-01-27;183.4
Wien;2023-01-28;192.0
Wien;2023-01-29;201.3
Wien;2023-01-30;211.5
Wien;2023-01-31;222.7
Wien;2023-02-01;234.7
Wien;2023-02-02;247.1
Wien;2023-02-03;259.4
Wien;2023-02-04;270.9
Wien;2023-02-05;281.2
Wien;2023-02-06;289.7
Wien;2023-02-07;296.5
Wien;2023-02-08;301.9
Wien;2023-02-09;306.2
Wien;2023-02-10;309.7
Wien;2023-02-11;312.7
Wien;2023-02-12;315.2
Wien;2023-02-13;317.4
Wien;2023-02-14;319.3
Wien;2023-02-15;321.1
Wien;2023-02-16;322.7
Wien;2023-02-17;324.2
Wien;2023-02-18;325.6
Wien;2023-02-19;326.9
Wien;2023-02-20;328.2
Wien;2023-02-21;329.7
Wien;2023-02-22;331.6
Wien;2023-02-23;333.9
Wien;2023-02-24;336.6
Wien;2023-02-25;339.5
Wien;2023-02-26;342.6
Wien;2023-02-27;345.7
Wien;2023-02-28;348.5
Wien;2023-03-01;350.6
Wien;2023-03-02;351.8
Wien;2023-03-03;352.1
Wien;2023-03-04;351.3
Wien;2023-03-05;349.4
Wien;2023-03-06;346.1
Wien;2023-03-07;341.5
Wien;2023-03-08;335.8
Wien;2023-03-09;329.3
Wien;2023-03-10;322.3
Wien;2023-03-11;315.0
Wien;2023-03-12;307.7
Wien;2023-03-13;300.7
Wien;2023-03-14;294.0
Wien;2023-03-15;287.8
Wien;2023-03-16;281.9
Wien;2023-03-17;276.0
Wien;2023-03-18;269.8
Wien;2023-03-19;263.0
Wien;2023-03-20;255.5
Wien;2023-03-21;247.5
Wien;2023-03-22;239.3
Wien;2023-03-23;231.0
Wien;2023-03-24;222.7
Wien;2023-03-25;214.5
Wien;2023-03-26;206.4
Wien;2023-03-27;198.5
Wien;2023-03-28;191.1
Wien;2023-03-29;184.4
Wien;2023-03-30;178.3
Wien;2023-03-31;172.9
Wien;2023-04-01;168.1
Wien;2023-04-02;163.8
Wien;2023-04-03;159.9
Wien;2023-04-04;156.4
Wien;2023-04-05;153.0
Wien;2023-04-06;149.7
Wien;2023-04-07;146.4
Wien;2023-04-08;143.1
Wien;2023-04-09;139.7
Wien;2023-04-10;136.3
Wien;2023-04-11;132.7
Wien;2023-04-12;129.0
Wien;2023-04-13;125.1
Wien;2023-04-14;121.2
Wien;2023-04-15;117.2
Wien;2023-04-16;113.3
Wien;2023-04-17;109.4
Wien;2023-04-18;105.6
Wien;2023-04-19;102.1
Wien;2023-04-20;98.7
Wien;2023-04-21;95.5
Wien;2023-04-22;92.4
Wien;2023-04-23;89.6
Wien;2023-04-24;87.0
Wien;2023-04-25;84.5
Wien;2023-04-26;82.2
Wien;2023-04-27;79.9
Wien;2023-04-28;77.7
Wien;2023-04-29;75.6
Wien;2023-04-30;73.5
Wien;2023-05-01;71.3
Wien;2023-05-02;69.1
Wien;2023-05-03;66.9
Wien;2023-05-04;64.7
Wien;2023-05-05;62.4
Wien;2023-05-06;60.2
Wien;2023-05-07;58.0
Wien;2023-05-08;55.8
Wien;2023-05-09;53.7
Wien;2023-05-10;51.8
Wien;2023-05-11;49.9
Wien;2023-05-12;48.2
Wien;2023-05-13;46.6
Wien;2023-05-14;45.3
Wien;2023-05-15;44.1
Wien;2023-05-16;43.2
Wien;2023-05-17;42.6
Wien;2023-05-18;42.1
Wien;2023-05-19;41.8
Wien;2023-05-20;41.6
Wien;2023-05-21;41.5
Wien;2023-05-22;41.3
Wien;2023-05-23;41.1
Wien;2023-05-24;40.8
Wien;2023-05-25;40.4
Wien;2023-05-26;39.9
Wien;2023-05-27;39.4
Wien;2023-05-28;38.9
Wien;2023-05-29;38.2
Wien;2023-05-30;37.4
Wien;2023-05-31;36.6
Wien;2023-06-01;35.7
Wien;2023-06-02;34.7
Wien;2023-06-03;33.7
Wien;2023-06-04;32.8
Wien;2023-06-05;31.9
Wien;2023-06-06;31.1
Wien;2023-06-07;30.4
Wien;2023-06-08;29.7
Wien;2023-06-09;29.1
Wien;2023-06-10;28.6
Wien;2023-06-11;28.0
Wien;2023-06-12;27.3
Wien;2023-06-13;26.6
Wien;2023-06-14;25.8
Wien;2023-06-15;25.0
Wien;2023-06-16;24.2
Wien;2023-06-17;23.4
Wien;2023-06-18;22.6
Wien;2023-06-19;22.0
Wien;2023-06-20;21.4
Wien;2023-06-21;21.0
Wien;2023-06-22;20.7
Wien;2023-06-23;20.5
Wien;2023-06-24;20.3
Wien;2023-06-25;20.2
Wien;2023-06-26;20.1
Wien;2023-06-27;20.1
Wien;2023-06-28;20.1
Wien;2023-06-29;20.2
Wien;2023-06-30;20.3
Wien;2023-07-01;20.5
Wien;2023-07-02;20.8
Wien;2023-07-03;21.0
Wien;2023-07-04;21.3
Wien;2023-07-05;21.6
Wien;2023-07-06;21.8
Wien;2023-07-07;22.0
Wien;2023-07-08;22.2
Wien;2023-07-09;22.4
Wien;2023-07-10;22.6
Wien;2023-07-11;22.8
Wien;2023-07-12;23.2
Wien;2023-07-13;23.6
Wien;2023-07-14;24.1
Wien;2023-07-15;24.8
Wien;2023-07-16;25.5
Wien;2023-07-17;26.4
Wien;2023-07-18;27.4
Wien;2023-07-19;28.5
Wien;2023-07-20;29.7
Wien;2023-07-21;30.9
Wien;2023-07-22;32.2
Wien;2023-07-23;33.5
Wien;2023-07-24;34.9
Wien;2023-07-25;36.5
Wien;2023-07-26;38.2
Wien;2023-07-27;40.1
Wien;2023-07-28;42.1
Wien;2023-07-29;44.3
Wien;2023-07-30;46.5
Wien;2023-07-31;48.8
Wien;2023-08-01;51.2
Wien;2023-08-02;53.8
Wien;2023-08-03;56.5
Wien;2023-08-04;59.2
Wien;2023-08-05;61.8
Wien;2023-08-06;64.3
Wien;2023-08-07;66.4
Wien;2023-08-08;68.2
Burgenland;2022-09-01;46.15
Burgenland;2022-09-02;45.9
Burgenland;2022-09-03;45.65
Burgenland;2022-09-04;45.46
Burgenland;2022-09-05;45.33
Burgenland;2022-09-06;45.33
Burgenland;2022-09-07;45.43
Burgenland;2022-09-08;45.57
Burgenland;2022-09-09;45.83
Burgenland;2022-09-10;46.16
Burgenland;2022-09-11;46.7
Burgenland;2022-09-12;47.31
Burgenland;2022-09-13;48.16
Burgenland;2022-09-14;49.2
Burgenland;2022-09-15;50.51
Burgenland;2022-09-16;52.01
Burgenland;2022-09-17;53.75
Burgenland;2022-09-18;55.81
Burgenland;2022-09-19;58.17
Burgenland;2022-09-20;60.85
Burgenland;2022-09-21;63.78
Burgenland;2022-09-22;66.95
Burgenland;2022-09-23;70.39
Burgenland;2022-09-24;74.12
Burgenland;2022-09-25;78.2
Burgenland;2022-09-26;82.61
Burgenland;2022-09-27;87.41
Burgenland;2022-09-28;92.31
Burgenland;2022-09-29;97.22
Burgenland;2022-09-30;102.0
Burgenland;2022-10-01;106.6
Burgenland;2022-10-02;110.73
Burgenland;2022-10-03;114.41
Burgenland;2022-10-04;117.44
Burgenland;2022-10-05;119.87
Burgenland;2022-10-06;121.72
Burgenland;2022-10-07;122.99
Burgenland;2022-10-08;123.79
Burgenland;2022-10-09;124.13
Burgenland;2022-10-10;124.15
Burgenland;2022-10-11;123.9
Burgenland;2022-10-12;123.38
Burgenland;2022-10-13;122.68
Burgenland;2022-10-14;121.74
Burgenland;2022-10-15;120.47
Burgenland;2022-10-16;118.68
Burgenland;2022-10-17;116.3
Burgenland;2022-10-18;113.51
Burgenland;2022-10-19;110.42
Burgenland;2022-10-20;107.1
Burgenland;2022-10-21;103.69
Burgenland;2022-10-22;100.39
Burgenland;2022-10-23;97.17
Burgenland;2022-10-24;94.21
Burgenland;2022-10-25;91.38
Burgenland;2022-10-26;88.76
Burgenland;2022-10-27;86.28
Burgenland;2022-10-28;83.93
Burgenland;2022-10-29;81.8
Burgenland;2022-10-30;79.76
Burgenland;2022-10-31;78.02
Burgenland;2022-11-01;76.42
Burgenland;2022-11-02;75.12
Burgenland;2022-11-03;74.13
Burgenland;2022-11-04;73.37
Burgenland;2022-11-05;73.08
Burgenland;2022-11-06;73.08
Burgenland;2022-11-07;73.6
Burgenland;2022-11-08;74.4
Burgenland;2022-11-09;75.46
Burgenland;2022-11-10;76.74
Burgenland;2022-11-11;78.13
Burgenland;2022-11-12;79.49
Burgenland;2022-11-13;80.88
Burgenland;2022-11-14;82.27
Burgenland;2022-11-15;83.49
Burgenland;2022-11-16;84.67
Burgenland;2022-11-17;85.78
Burgenland;2022-11-18;86.85
Burgenland;2022-11-19;87.84
Burgenland;2022-11-20;88.85
Burgenland;2022-11-21;89.9
Burgenland;2022-11-22;91.03
Burgenland;2022-11-23;92.37
Burgenland;2022-11-24;93.83
Burgenland;2022-11-25;95.46
Burgenland;2022-11-26;97.25
Burgenland;2022-11-27;99.18
Burgenland;2022-11-28;101.24
Burgenland;2022-11-29;103.46
Burgenland;2022-11-30;105.81
Burgenland;2022-12-01;108.26
Burgenland;2022-12-02;110.85
Burgenland;2022-12-03;113.38
Burgenland;2022-12-04;115.8
Burgenland;2022-12-05;118.01
Burgenland;2022-12-06;120.1
Burgenland;2022-12-07;122.06
Burgenland;2022-12-08;123.94
Burgenland;2022-12-09;125.76
Burgenland;2022-12-10;127.58
Burgenland;2022-12-11;129.36
Burgenland;2022-12-12;131.07
Burgenland;2022-12-13;132.55
Burgenland;2022-12-14;133.83
Burgenland;2022-12-15;134.82
Burgenland;2022-12-16;135.53
Burgenland;2022-12-17;136.04
Burgenland;2022-12-18;136.35
Burgenland;2022-12-19;136.52
Burgenland;2022-12-20;136.6
Burgenland;2022-12-21;136.79
Burgenland;2022-12-22;137.01
Burgenland;2022-12-23;137.33
Burgenland;2022-12-24;137.52
Burgenland;2022-12-25;137.53
Burgenland;2022-12-26;137.08
Burgenland;2022-12-27;136.17
Burgenland;2022-12-28;134.49
Burgenland;2022-12-29;132.19
Burgenland;2022-12-30;129.23
Burgenland;2022-12-31;125.84
Burgenland;2023-01-01;122.07
Burgenland;2023-01-02;118.1
Burgenland;2023-01-03;114.08
Burgenland;2023-01-04;110.13
Burgenland;2023-01-05;106.37
Burgenland;2023-01-06;102.81
Burgenland;2023-01-07;99.42
Burgenland;2023-01-08;96.29
Burgenland;2023-01-09;93.44
Burgenland;2023-01-10;90.86
Burgenland;2023-01-11;88.64
Burgenland;2023-01-12;86.83
Burgenland;2023-01-13;85.28
Burgenland;2023-01-14;84.04
Burgenland;2023-01-15;83.08
Burgenland;2023-01-16;82.38
Burgenland;2023-01-17;81.76
Burgenland;2023-01-18;76.69
Burgenland;2023-01-19;76.41
Burgenland;2023-01-20;76.21
Burgenland;2023-01-21;76.2
Burgenland;2023-01-22;76.37
Burgenland;2023-01-23;76.76
Burgenland;2023-01-24;78.53
Burgenland;2023-01-25;79.69
Burgenland;2023-01-26;81.09
Burgenland;2023-01-27;82.75
Burgenland;2023-01-28;84.66
Burgenland;2023-01-29;86.96
Burgenland;2023-01-30;89.71
Burgenland;2023-01-31;92.67
Burgenland;2023-02-01;95.94
Burgenland;2023-02-02;99.43
Burgenland;2023-02-03;103.06
Burgenland;2023-02-04;106.93
Burgenland;2023-02-05;110.96
Burgenland;2023-02-06;115.17
Burgenland;2023-02-07;119.46
Burgenland;2023-02-08;123.73
Burgenland;2023-02-09;127.92
Burgenland;2023-02-10;132.01
Burgenland;2023-02-11;135.94
Burgenland;2023-02-12;139.58
Burgenland;2023-02-13;142.82
Burgenland;2023-02-14;145.63
Burgenland;2023-02-15;148.0
Burgenland;2023-02-16;150.1
Burgenland;2023-02-17;152.07
Burgenland;2023-02-18;154.3
Burgenland;2023-02-19;156.88
Burgenland;2023-02-20;160.04
Burgenland;2023-02-21;163.58
Burgenland;2023-02-22;167.36
Burgenland;2023-02-23;171.09
Burgenland;2023-02-24;174.62
Burgenland;2023-02-25;177.83
Burgenland;2023-02-26;180.49
Burgenland;2023-02-27;182.5
Burgenland;2023-02-28;183.83
Burgenland;2023-03-01;184.36
Burgenland;2023-03-02;184.3
Burgenland;2023-03-03;183.69
Burgenland;2023-03-04;182.59
Burgenland;2023-03-05;180.94
Burgenland;2023-03-06;178.64
Burgenland;2023-03-07;175.61
Burgenland;2023-03-08;171.8
Burgenland;2023-03-09;167.29
Burgenland;2023-03-10;162.32
Burgenland;2023-03-11;157.13
Burgenland;2023-03-12;151.84
Burgenland;2023-03-13;146.62
Burgenland;2023-03-14;141.33
Burgenland;2023-03-15;136.06
Burgenland;2023-03-16;130.67
Burgenland;2023-03-17;125.29
Burgenland;2023-03-18;119.98
Burgenland;2023-03-19;114.86
Burgenland;2023-03-20;109.9
Burgenland;2023-03-21;105.2
Burgenland;2023-03-22;100.69
Burgenland;2023-03-23;96.35
Burgenland;2023-03-24;92.08
Burgenland;2023-03-25;87.95
Burgenland;2023-03-26;83.96
Burgenland;2023-03-27;80.14
Burgenland;2023-03-28;76.46
Burgenland;2023-03-29;72.94
Burgenland;2023-03-30;69.64
Burgenland;2023-03-31;66.5
Burgenland;2023-04-01;63.54
Burgenland;2023-04-02;60.78
Burgenland;2023-04-03;58.32
Burgenland;2023-04-04;56.0
Burgenland;2023-04-05;53.9
Burgenland;2023-04-06;52.0
Burgenland;2023-04-07;50.14
Burgenland;2023-04-08;48.4
Burgenland;2023-04-09;46.66
Burgenland;2023-04-10;44.91
Burgenland;2023-04-11;43.26
Burgenland;2023-04-12;41.56
Burgenland;2023-04-13;39.93
Burgenland;2023-04-14;38.39
Burgenland;2023-04-15;37.0
Burgenland;2023-04-16;35.87
Burgenland;2023-04-17;35.03
Burgenland;2023-04-18;34.48
Burgenland;2023-04-19;34.25
Burgenland;2023-04-20;34.25
Burgenland;2023-04-21;34.36
Burgenland;2023-04-22;34.64
Burgenland;2023-04-23;35.04
Burgenland;2023-04-24;35.53
Burgenland;2023-04-25;36.07
Burgenland;2023-04-26;36.74
Burgenland;2023-04-27;37.44
Burgenland;2023-04-28;38.06
Burgenland;2023-04-29;38.61
Burgenland;2023-04-30;38.94
Burgenland;2023-05-01;38.95
Burgenland;2023-05-02;38.51
Burgenland;2023-05-03;37.62
Burgenland;2023-05-04;36.36
Burgenland;2023-05-05;34.78
Burgenland;2023-05-06;33.02
Burgenland;2023-05-07;31.21
Burgenland;2023-05-08;29.42
Burgenland;2023-05-09;27.72
Burgenland;2023-05-10;26.13
Burgenland;2023-05-11;24.66
Burgenland;2023-05-12;23.25
Burgenland;2023-05-13;22.04
Burgenland;2023-05-14;20.91
Burgenland;2023-05-15;19.9
Burgenland;2023-05-16;19.08
Burgenland;2023-05-17;18.37
Burgenland;2023-05-18;17.67
Burgenland;2023-05-19;17.04
Burgenland;2023-05-20;16.46
Burgenland;2023-05-21;15.84
Burgenland;2023-05-22;15.23
Burgenland;2023-05-23;14.58
Burgenland;2023-05-24;14.03
Burgenland;2023-05-25;13.42
Burgenland;2023-05-26;12.9
Burgenland;2023-05-27;12.39
Burgenland;2023-05-28;11.9
Burgenland;2023-05-29;11.45
Burgenland;2023-05-30;11.03
Burgenland;2023-05-31;10.68
Burgenland;2023-06-01;10.36
Burgenland;2023-06-02;10.06
Burgenland;2023-06-03;9.8
Burgenland;2023-06-04;9.57
Burgenland;2023-06-05;9.31
Burgenland;2023-06-06;9.12
Burgenland;2023-06-07;8.91
Burgenland;2023-06-08;8.73
Burgenland;2023-06-09;8.54
Burgenland;2023-06-10;8.36
Burgenland;2023-06-11;8.19
Burgenland;2023-06-12;8.04
Burgenland;2023-06-13;7.92
Burgenland;2023-06-14;7.78
Burgenland;2023-06-15;7.65
Burgenland;2023-06-16;7.52
Burgenland;2023-06-17;7.43
Burgenland;2023-06-18;7.34
Burgenland;2023-06-19;7.22
Burgenland;2023-06-20;7.14
Burgenland;2023-06-21;7.0
Burgenland;2023-06-22;6.88
Burgenland;2023-06-23;6.75
Burgenland;2023-06-24;6.61
Burgenland;2023-06-25;6.5
Burgenland;2023-06-26;6.44
Burgenland;2023-06-27;6.37
Burgenland;2023-06-28;6.34
Burgenland;2023-06-29;6.32
Burgenland;2023-06-30;6.34
Burgenland;2023-07-01;6.35
Burgenland;2023-07-02;6.44
Burgenland;2023-07-03;6.52
Burgenland;2023-07-04;6.71
Burgenland;2023-07-05;6.91
Burgenland;2023-07-06;7.18
Burgenland;2023-07-07;7.54
Burgenland;2023-07-08;8.0
Burgenland;2023-07-09;8.57
Burgenland;2023-07-10;9.28
Burgenland;2023-07-11;10.14
Burgenland;2023-07-12;11.12
Burgenland;2023-07-13;12.17
Burgenland;2023-07-14;13.32
Burgenland;2023-07-15;14.43
Burgenland;2023-07-16;15.46
Burgenland;2023-07-17;16.29
Burgenland;2023-07-18;16.78
Burgenland;2023-07-19;16.89
Burgenland;2023-07-20;16.63
Burgenland;2023-07-21;16.05
Burgenland;2023-07-22;15.37
Burgenland;2023-07-23;14.59
Burgenland;2023-07-24;13.92
Burgenland;2023-07-25;13.21
Burgenland;2023-07-26;12.64
Burgenland;2023-07-27;12.21
Burgenland;2023-07-28;11.85
Burgenland;2023-07-29;11.65
Burgenland;2023-07-30;11.59
Burgenland;2023-07-31;11.69
Burgenland;2023-08-01;11.96
Burgenland;2023-08-02;12.37
Burgenland;2023-08-03;12.84
Burgenland;2023-08-04;13.39
Burgenland;2023-08-05;14.05
Burgenland;2023-08-06;14.66
Burgenland;2023-08-07;15.31
Burgenland;2023-08-08;15.86
Österreich;2022-09-01;98.84
Österreich;2022-09-02;98.48
Österreich;2022-09-03;98.19
Österreich;2022-09-04;97.32
Österreich;2022-09-05;97.28
Österreich;2022-09-06;97.4
Österreich;2022-09-07;97.77
Österreich;2022-09-08;98.4
Österreich;2022-09-09;99.46
Österreich;2022-09-10;100.89
Österreich;2022-09-11;102.88
Österreich;2022-09-12;105.54
Österreich;2022-09-13;108.84
Österreich;2022-09-14;112.79
Österreich;2022-09-15;117.23
Österreich;2022-09-16;122.19
Österreich;2022-09-17;127.55
Österreich;2022-09-18;133.35
Österreich;2022-09-19;139.61
Österreich;2022-09-20;146.41
Österreich;2022-09-21;153.69
Österreich;2022-09-22;161.39
Österreich;2022-09-23;169.32
Österreich;2022-09-24;177.46
Österreich;2022-09-25;185.69
Österreich;2022-09-26;193.92
Österreich;2022-09-27;202.19
Österreich;2022-09-28;210.33
Österreich;2022-09-29;218.19
Österreich;2022-09-30;225.64
Österreich;2022-10-01;232.32
Österreich;2022-10-02;238.02
Österreich;2022-10-03;242.53
Österreich;2022-10-04;245.76
Österreich;2022-10-05;247.8
Österreich;2022-10-06;248.75
Österreich;2022-10-07;248.7
Österreich;2022-10-08;247.52
Österreich;2022-10-09;245.1
Österreich;2022-10-10;241.38
Österreich;2022-10-11;236.41
Österreich;2022-10-12;230.4
Österreich;2022-10-13;223.65
Österreich;2022-10-14;216.42
Österreich;2022-10-15;208.9
Österreich;2022-10-16;201.4
Österreich;2022-10-17;194.04
Österreich;2022-10-18;186.98
Österreich;2022-10-19;180.24
Österreich;2022-10-20;173.88
Österreich;2022-10-21;167.76
Österreich;2022-10-22;161.89
Österreich;2022-10-23;156.11
Österreich;2022-10-24;150.47
Österreich;2022-10-25;144.95
Österreich;2022-10-26;139.61
Österreich;2022-10-27;134.5
Österreich;2022-10-28;129.61
Österreich;2022-10-29;125.0
Österreich;2022-10-30;120.75
Österreich;2022-10-31;116.92
Österreich;2022-11-01;113.68
Österreich;2022-11-02;111.01
Österreich;2022-11-03;108.87
Österreich;2022-11-04;107.22
Österreich;2022-11-05;106.12
Österreich;2022-11-06;105.54
Österreich;2022-11-07;105.62
Österreich;2022-11-08;106.43
Österreich;2022-11-09;107.89
Österreich;2022-11-10;109.92
Österreich;2022-11-11;112.39
Österreich;2022-11-12;115.07
Österreich;2022-11-13;117.96
Österreich;2022-11-14;120.96
Österreich;2022-11-15;124.17
Österreich;2022-11-16;127.54
Österreich;2022-11-17;131.06
Österreich;2022-11-18;134.68
Österreich;2022-11-19;138.21
Österreich;2022-11-20;141.65
Österreich;2022-11-21;144.93
Österreich;2022-11-22;148.07
Österreich;2022-11-23;151.05
Österreich;2022-11-24;153.93
Österreich;2022-11-25;156.71
Österreich;2022-11-26;159.29
Österreich;2022-11-27;161.72
Österreich;2022-11-28;163.9
Österreich;2022-11-29;165.93
Österreich;2022-11-30;167.87
Österreich;2022-12-01;169.74
Österreich;2022-12-02;171.66
Österreich;2022-12-03;173.54
Österreich;2022-12-04;175.01
Österreich;2022-12-05;176.45
Österreich;2022-12-06;178.54
Österreich;2022-12-07;180.81
Österreich;2022-12-08;183.22
Österreich;2022-12-09;185.76
Österreich;2022-12-10;188.36
Österreich;2022-12-11;191.03
Österreich;2022-12-12;193.77
Österreich;2022-12-13;196.66
Österreich;2022-12-14;199.71
Österreich;2022-12-15;202.81
Österreich;2022-12-16;205.82
Österreich;2022-12-17;208.42
Österreich;2022-12-18;210.45
Österreich;2022-12-19;211.71
Österreich;2022-12-20;212.13
Österreich;2022-12-21;211.8
Österreich;2022-12-22;210.85
Österreich;2022-12-23;209.46
Österreich;2022-12-24;207.73
Österreich;2022-12-25;205.67
Österreich;2022-12-26;203.25
Österreich;2022-12-27;200.52
Österreich;2022-12-28;197.44
Österreich;2022-12-29;193.96
Österreich;2022-12-30;190.13
Österreich;2022-12-31;185.95
Österreich;2023-01-01;181.48
Österreich;2023-01-02;176.66
Österreich;2023-01-03;171.6
Österreich;2023-01-04;166.38
Österreich;2023-01-05;161.11
Österreich;2023-01-06;155.9
Österreich;2023-01-07;150.87
Österreich;2023-01-08;146.13
Österreich;2023-01-09;141.74
Österreich;2023-01-10;137.8
Österreich;2023-01-11;134.35
Österreich;2023-01-12;131.34
Österreich;2023-01-13;128.71
Österreich;2023-01-14;126.58
Österreich;2023-01-15;124.4
Österreich;2023-01-16;123.56
Österreich;2023-01-17;123.28
Österreich;2023-01-18;123.73
Österreich;2023-01-19;125.1
Österreich;2023-01-20;127.18
Österreich;2023-01-21;129.9
Österreich;2023-01-22;133.47
Österreich;2023-01-23;137.69
Österreich;2023-01-24;142.4
Österreich;2023-01-25;147.95
Österreich;2023-01-26;154.11
Österreich;2023-01-27;160.8
Österreich;2023-01-28;167.96
Österreich;2023-01-29;175.28
Österreich;2023-01-30;183.36
Österreich;2023-01-31;192.05
Österreich;2023-02-01;201.27
Österreich;2023-02-02;210.83
Österreich;2023-02-03;220.48
Österreich;2023-02-04;229.85
Österreich;2023-02-05;238.74
Österreich;2023-02-06;246.83
Österreich;2023-02-07;253.55
Österreich;2023-02-08;260.14
Österreich;2023-02-09;266.17
Österreich;2023-02-10;271.77
Österreich;2023-02-11;276.99
Österreich;2023-02-12;281.8
Österreich;2023-02-13;286.22
Österreich;2023-02-14;290.2
Österreich;2023-02-15;293.76
Österreich;2023-02-16;296.83
Österreich;2023-02-17;299.46
Österreich;2023-02-18;301.67
Österreich;2023-02-19;303.46
Österreich;2023-02-20;304.9
Österreich;2023-02-21;306.08
Österreich;2023-02-22;307.12
Österreich;2023-02-23;308.05
Österreich;2023-02-24;308.87
Österreich;2023-02-25;309.48
Österreich;2023-02-26;309.87
Österreich;2023-02-27;309.94
Österreich;2023-02-28;309.61
Österreich;2023-03-01;308.73
Österreich;2023-03-02;307.27
Österreich;2023-03-03;305.26
Österreich;2023-03-04;302.61
Österreich;2023-03-05;299.3
Österreich;2023-03-06;295.21
Österreich;2023-03-07;290.43
Österreich;2023-03-08;285.09
Österreich;2023-03-09;279.31
Österreich;2023-03-10;273.19
Österreich;2023-03-11;266.82
Österreich;2023-03-12;260.29
Österreich;2023-03-13;253.71
Österreich;2023-03-14;247.09
Österreich;2023-03-15;240.56
Österreich;2023-03-16;234.06
Österreich;2023-03-17;227.51
Österreich;2023-03-18;220.85
Österreich;2023-03-19;213.94
Österreich;2023-03-20;206.78
Österreich;2023-03-21;199.48
Österreich;2023-03-22;192.19
Österreich;2023-03-23;184.93
Österreich;2023-03-24;177.74
Österreich;2023-03-25;170.65
Österreich;2023-03-26;163.71
Österreich;2023-03-27;157.01
Österreich;2023-03-28;150.74
Österreich;2023-03-29;145.01
Österreich;2023-03-30;139.8
Österreich;2023-03-31;135.11
Österreich;2023-04-01;130.85
Österreich;2023-04-02;126.99
Österreich;2023-04-03;123.42
Österreich;2023-04-04;120.15
Österreich;2023-04-05;116.99
Österreich;2023-04-06;113.92
Österreich;2023-04-07;110.87
Österreich;2023-04-08;107.86
Österreich;2023-04-09;104.82
Österreich;2023-04-10;101.83
Österreich;2023-04-11;98.78
Österreich;2023-04-12;95.76
Österreich;2023-04-13;92.71
Österreich;2023-04-14;89.7
Österreich;2023-04-15;86.73
Österreich;2023-04-16;83.87
Österreich;2023-04-17;81.09
Österreich;2023-04-18;78.47
Österreich;2023-04-19;76.08
Österreich;2023-04-20;73.85
Österreich;2023-04-21;71.75
Österreich;2023-04-22;69.72
Österreich;2023-04-23;67.84
Österreich;2023-04-24;66.03
Österreich;2023-04-25;64.25
Österreich;2023-04-26;62.55
Österreich;2023-04-27;60.84
Österreich;2023-04-28;59.17
Österreich;2023-04-29;57.53
Österreich;2023-04-30;55.9
Österreich;2023-05-01;54.22
Österreich;2023-05-02;52.55
Österreich;2023-05-03;50.88
Österreich;2023-05-04;49.23
Österreich;2023-05-05;47.55
Österreich;2023-05-06;45.93
Österreich;2023-05-07;44.34
Österreich;2023-05-08;42.78
Österreich;2023-05-09;41.29
Österreich;2023-05-10;39.96
Österreich;2023-05-11;38.67
Österreich;2023-05-12;37.53
Österreich;2023-05-13;36.48
Österreich;2023-05-14;35.59
Österreich;2023-05-15;34.8
Österreich;2023-05-16;34.19
Österreich;2023-05-17;33.71
Österreich;2023-05-18;33.3
Österreich;2023-05-19;32.96
Österreich;2023-05-20;32.64
Österreich;2023-05-21;32.3
Österreich;2023-05-22;31.86
Österreich;2023-05-23;31.36
Österreich;2023-05-24;30.78
Österreich;2023-05-25;30.13
Österreich;2023-05-26;29.41
Österreich;2023-05-27;28.68
Österreich;2023-05-28;27.96
Österreich;2023-05-29;27.16
Österreich;2023-05-30;26.33
Österreich;2023-05-31;25.53
Österreich;2023-06-01;24.71
Österreich;2023-06-02;23.88
Österreich;2023-06-03;23.07
Österreich;2023-06-04;22.31
Österreich;2023-06-05;21.6
Österreich;2023-06-06;20.96
Österreich;2023-06-07;20.41
Österreich;2023-06-08;19.89
Österreich;2023-06-09;19.43
Österreich;2023-06-10;19.04
Österreich;2023-06-11;18.64
Österreich;2023-06-12;18.22
Österreich;2023-06-13;17.82
Österreich;2023-06-14;17.4
Österreich;2023-06-15;17.01
Österreich;2023-06-16;16.62
Österreich;2023-06-17;16.23
Österreich;2023-06-18;15.85
Österreich;2023-06-19;15.53
Österreich;2023-06-20;15.18
Österreich;2023-06-21;14.89
Österreich;2023-06-22;14.6
Österreich;2023-06-23;14.36
Österreich;2023-06-24;14.11
Österreich;2023-06-25;13.91
Österreich;2023-06-26;13.75
Österreich;2023-06-27;13.64
Österreich;2023-06-28;13.58
Österreich;2023-06-29;13.58
Österreich;2023-06-30;13.62
Österreich;2023-07-01;13.71
Österreich;2023-07-02;13.87
Österreich;2023-07-03;13.99
Österreich;2023-07-04;14.16
Österreich;2023-07-05;14.35
Österreich;2023-07-06;14.49
Österreich;2023-07-07;14.65
Österreich;2023-07-08;14.82
Österreich;2023-07-09;14.99
Österreich;2023-07-10;15.19
Österreich;2023-07-11;15.38
Österreich;2023-07-12;15.68
Österreich;2023-07-13;15.98
Österreich;2023-07-14;16.35
Österreich;2023-07-15;16.82
Österreich;2023-07-16;17.28
Österreich;2023-07-17;17.85
Österreich;2023-07-18;18.47
Österreich;2023-07-19;19.16
Österreich;2023-07-20;19.89
Österreich;2023-07-21;20.63
Österreich;2023-07-22;21.44
Österreich;2023-07-23;22.27
Österreich;2023-07-24;23.16
Österreich;2023-07-25;24.15
Österreich;2023-07-26;25.23
Österreich;2023-07-27;26.42
Österreich;2023-07-28;27.69
Österreich;2023-07-29;29.05
Österreich;2023-07-30;30.44
Österreich;2023-07-31;31.9
Österreich;2023-08-01;33.42
Österreich;2023-08-02;35.06
Österreich;2023-08-03;36.75
Österreich;2023-08-04;38.48
Österreich;2023-08-05;40.19
Österreich;2023-08-06;41.87
Österreich;2023-08-07;43.38
Österreich;2023-08-08;44.99
