group;week;zscore
Total;2017-03;19.43
Total;2017-04;19.51
Total;2017-05;20.17
Total;2017-06;14.02
Total;2017-07;11.85
Total;2017-08;8.88
Total;2017-09;5.59
Total;2017-10;1.84
Total;2017-11;-0.61
Total;2017-12;-2.42
Total;2017-13;-1.89
Total;2017-14;-2.87
Total;2017-15;-2.46
Total;2017-16;-2.73
Total;2017-17;1.32
Total;2017-18;1.21
Total;2017-19;1.49
Total;2017-20;1.34
Total;2017-21;0.78
Total;2017-22;-0.3
Total;2017-23;-2.76
Total;2017-24;1.25
Total;2017-25;5
Total;2017-26;0.62
Total;2017-27;2.9
Total;2017-28;-0.07
Total;2017-29;1.62
Total;2017-30;0.51
Total;2017-31;3.88
Total;2017-32;1.55
Total;2017-33;0.39
Total;2017-34;0.66
Total;2017-35;-0.5
Total;2017-36;-2.86
Total;2017-37;-1.13
Total;2017-38;0.55
Total;2017-39;1.76
Total;2017-40;1.41
Total;2017-41;2.3
Total;2017-42;0.27
Total;2017-43;-1.68
Total;2017-44;-2
Total;2017-45;-1.19
Total;2017-46;0.85
Total;2017-47;1.18
Total;2017-48;0.93
Total;2017-49;3.97
Total;2017-50;6.37
Total;2017-51;7.2
Total;2017-52;10.78
Total;2018-01;15.3
Total;2018-02;12.45
Total;2018-03;11.84
Total;2018-04;8.99
Total;2018-05;8.26
Total;2018-06;9.26
Total;2018-07;12.55
Total;2018-08;15.05
Total;2018-09;22.28
Total;2018-10;24.01
Total;2018-11;16.92
Total;2018-12;12.62
Total;2018-13;9.65
Total;2018-14;7.28
Total;2018-15;4.66
Total;2018-16;1.41
Total;2018-17;-2.55
Total;2018-18;-2.79
Total;2018-19;-2.15
Total;2018-20;-2.81
Total;2018-21;-0.9
Total;2018-22;0.42
Total;2018-23;-1.17
Total;2018-24;-2.9
Total;2018-25;-0.6
Total;2018-26;2.73
Total;2018-27;3.29
Total;2018-28;0.56
Total;2018-29;3.22
Total;2018-30;7.19
Total;2018-31;11.35
Total;2018-32;7.64
Total;2018-33;0.82
Total;2018-34;0.65
Total;2018-35;-1.6
Total;2018-36;-0.63
Total;2018-37;-1.53
Total;2018-38;-0.24
Total;2018-39;-2.22
Total;2018-40;0.18
Total;2018-41;1.17
Total;2018-42;-3.02
Total;2018-43;-2.86
Total;2018-44;-0.73
Total;2018-45;-0.07
Total;2018-46;-3.01
Total;2018-47;-1.89
Total;2018-48;-0.74
Total;2018-49;-0.43
Total;2018-50;-0.99
Total;2018-51;2.02
Total;2018-52;0.71
Total;2019-01;5.16
Total;2019-02;8.61
Total;2019-03;8.4
Total;2019-04;8.96
Total;2019-05;9.85
Total;2019-06;10.17
Total;2019-07;8.22
Total;2019-08;7.31
Total;2019-09;7.29
Total;2019-10;4.84
Total;2019-11;3.01
Total;2019-12;-0.13
Total;2019-13;-1.05
Total;2019-14;1.15
Total;2019-15;-0.86
Total;2019-16;1.45
Total;2019-17;1.07
Total;2019-18;-0.83
Total;2019-19;0.06
Total;2019-20;0.82
Total;2019-21;0.84
Total;2019-22;0.44
Total;2019-23;1.49
Total;2019-24;0.68
Total;2019-25;1.4
Total;2019-26;5.34
Total;2019-27;3.6
Total;2019-28;0.81
Total;2019-29;1.3
Total;2019-30;10.73
Total;2019-31;1.51
Total;2019-32;0.91
Total;2019-33;-1.38
Total;2019-34;0.27
Total;2019-35;3.23
Total;2019-36;-2.48
Total;2019-37;-1.14
Total;2019-38;-0.57
Total;2019-39;0.91
Total;2019-40;-0.02
Total;2019-41;1.97
Total;2019-42;0.96
Total;2019-43;0.48
Total;2019-44;0.35
Total;2019-45;0.76
Total;2019-46;1.83
Total;2019-47;2.39
Total;2019-48;1.44
Total;2019-49;2.14
Total;2019-50;3.26
Total;2019-51;4.47
Total;2019-52;1.21
Total;2020-01;4.33
Total;2020-02;6.81
Total;2020-03;4.74
Total;2020-04;3.07
Total;2020-05;5.55
Total;2020-06;2.17
Total;2020-07;2.79
Total;2020-08;-0.28
Total;2020-09;1.44
Total;2020-10;2.7
Total;2020-11;5.8
Total;2020-12;15.62
Total;2020-13;32.69
Total;2020-14;48.48
Total;2020-15;47.36
Total;2020-16;34.79
Total;2020-17;22.93
Total;2020-18;12.87
Total;2020-19;8.62
Total;2020-20;3.26
Total;2020-21;3.45
Total;2020-22;0.41
Total;2020-23;0.34
Total;2020-24;-1.04
Total;2020-25;-1.08
Total;2020-26;3.7
Total;2020-27;0.52
Total;2020-28;0.06
Total;2020-29;1.55
Total;2020-30;2.75
Total;2020-31;6.49
Total;2020-32;5.55
Total;2020-33;13.02
Total;2020-34;3.83
Total;2020-35;1.28
Total;2020-36;1.66
Total;2020-37;3.55
Total;2020-38;5.41
Total;2020-39;2.86
Total;2020-40;5.37
Total;2020-41;5.21
Total;2020-42;6.74
Total;2020-43;13.83
Total;2020-44;17.77
Total;2020-45;21.32
Total;2020-46;22.92
Total;2020-47;21.29
Total;2020-48;21.22
Total;2020-49;22.44
Total;2020-50;23.45
Total;2020-51;22.43
Total;2020-52;22.13
Total;2020-53;23.66
Total;2021-01;26.17
Total;2021-02;29.14
Total;2021-03;30.89
Total;2021-04;25.4
Total;2021-05;18.29
Total;2021-06;12.73
Total;2021-07;10.01
Total;2021-08;3.64
Total;2021-09;1.01
Total;2021-10;2.33
Total;2021-11;2.32
Total;2021-12;3.03
Total;2021-13;4.83
Total;2021-14;4.96
Total;2021-15;5.24
Total;2021-16;6
Total;2021-17;5.3
Total;2021-18;6.19
Total;2021-19;2.58
Total;2021-20;0.9
Total;2021-21;0.22
Total;2021-22;2.18
Total;2021-23;1.03
Total;2021-24;4.46
Total;2021-25;1.66
Total;2021-26;3.42
Total;2021-27;3.3
Total;2021-28;5.17
Total;2021-29;8.81
Total;2021-30;6.94
Total;2021-31;8.33
Total;2021-32;10.1
Total;2021-33;8.67
Total;2021-34;6.37
Total;2021-35;7.21
Total;2021-36;11.29
Total;2021-37;5.98
Total;2021-38;4.62
Total;2021-39;5.61
Total;2021-40;5.37
Total;2021-41;7.51
Total;2021-42;8.79
Total;2021-43;10.91
Total;2021-44;9.97
Total;2021-45;12.92
Total;2021-46;13.91
Total;2021-47;16.46
Total;2021-48;20.23
Total;2021-49;18.89
Total;2021-50;15.37
Total;2021-51;14.99
Total;2021-52;14.8
Total;2022-01;11.11
Total;2022-02;9.84
Total;2022-03;9.79
Total;2022-04;12.08
Total;2022-05;12.91
Total;2022-06;9.51
Total;2022-07;8.96
Total;2022-08;5
Total;2022-09;5.12
Total;2022-10;6.35
Total;2022-11;7.19
Total;2022-12;7.96
Total;2022-13;9.49
Total;2022-14;11.22
Total;2022-15;9.89
Total;2022-16;6.6
Total;2022-17;6.18
Total;2022-18;5.75
Total;2022-19;5.95
Total;2022-20;5.14
Total;2022-21;0.66
Total;2022-22;4.23
Total;2022-23;4.21
Total;2022-24;9.02
Total;2022-25;8.4
Total;2022-26;8.69
Total;2022-27;10.69
Total;2022-28;15.63
Total;2022-29;22.42
Total;2022-30;16.39
Total;2022-31;13.86
Total;2022-32;14.9
Total;2022-33;11.07
Total;2022-34;7.12
Total;2022-35;4.04
Total;2022-36;4.31
Total;2022-37;3.03
Total;2022-38;5.33
Total;2022-39;9.77
Total;2022-40;10.91
Total;2022-41;11.02
Total;2022-42;10.91
Total;2022-43;8.28
Total;2022-44;3.47
Total;2022-45;4.92
Total;2022-46;6.12
Total;2022-47;7.99
Total;2022-48;9.63
Total;2022-49;15.95
Total;2022-50;21.57
Total;2022-51;27.78
Total;2022-52;18.46
Total;2023-01;-2.69
0to14;2017-03;-0.25
0to14;2017-04;1.22
0to14;2017-05;1.92
0to14;2017-06;0.85
0to14;2017-07;-0.11
0to14;2017-08;0.48
0to14;2017-09;0.67
0to14;2017-10;1.61
0to14;2017-11;0.35
0to14;2017-12;-0.76
0to14;2017-13;-0.57
0to14;2017-14;0.17
0to14;2017-15;1.42
0to14;2017-16;0.33
0to14;2017-17;1.06
0to14;2017-18;2.12
0to14;2017-19;-1.36
0to14;2017-20;0.16
0to14;2017-21;-0.83
0to14;2017-22;0.27
0to14;2017-23;1.57
0to14;2017-24;2.36
0to14;2017-25;-1.02
0to14;2017-26;1.16
0to14;2017-27;1.39
0to14;2017-28;-0.3
0to14;2017-29;0.83
0to14;2017-30;-0.02
0to14;2017-31;-0.47
0to14;2017-32;-0.69
0to14;2017-33;0.49
0to14;2017-34;-1.56
0to14;2017-35;0.46
0to14;2017-36;-1.88
0to14;2017-37;-0.72
0to14;2017-38;0.24
0to14;2017-39;-0.57
0to14;2017-40;0.34
0to14;2017-41;-0.02
0to14;2017-42;0.03
0to14;2017-43;0.62
0to14;2017-44;-1.39
0to14;2017-45;-0.74
0to14;2017-46;0.99
0to14;2017-47;1.92
0to14;2017-48;-1
0to14;2017-49;0.69
0to14;2017-50;1.72
0to14;2017-51;0.3
0to14;2017-52;2.25
0to14;2018-01;0.31
0to14;2018-02;1.7
0to14;2018-03;-0.85
0to14;2018-04;-0.06
0to14;2018-05;-0.51
0to14;2018-06;0.59
0to14;2018-07;0.24
0to14;2018-08;-0.61
0to14;2018-09;0.95
0to14;2018-10;1
0to14;2018-11;0.61
0to14;2018-12;-0.01
0to14;2018-13;2.02
0to14;2018-14;0.29
0to14;2018-15;0.13
0to14;2018-16;0.86
0to14;2018-17;-0.72
0to14;2018-18;-1.08
0to14;2018-19;-0.7
0to14;2018-20;0.28
0to14;2018-21;-0.54
0to14;2018-22;-2.13
0to14;2018-23;1.22
0to14;2018-24;-0.04
0to14;2018-25;-0.59
0to14;2018-26;0.02
0to14;2018-27;1.74
0to14;2018-28;0.9
0to14;2018-29;0.95
0to14;2018-30;1
0to14;2018-31;-0.04
0to14;2018-32;1.6
0to14;2018-33;-0.63
0to14;2018-34;0.84
0to14;2018-35;-2.37
0to14;2018-36;-1.56
0to14;2018-37;1.75
0to14;2018-38;2.24
0to14;2018-39;-1.12
0to14;2018-40;0.27
0to14;2018-41;1.63
0to14;2018-42;1.36
0to14;2018-43;-1.3
0to14;2018-44;-0.87
0to14;2018-45;2
0to14;2018-46;1.29
0to14;2018-47;1.34
0to14;2018-48;0.71
0to14;2018-49;1.03
0to14;2018-50;0.9
0to14;2018-51;1.67
0to14;2018-52;-0.97
0to14;2019-01;1.81
0to14;2019-02;1.56
0to14;2019-03;1.61
0to14;2019-04;0.36
0to14;2019-05;2.56
0to14;2019-06;1.77
0to14;2019-07;2.41
0to14;2019-08;2.24
0to14;2019-09;1.54
0to14;2019-10;0.75
0to14;2019-11;0.58
0to14;2019-12;-0.42
0to14;2019-13;-0.55
0to14;2019-14;1.07
0to14;2019-15;2.07
0to14;2019-16;-0.28
0to14;2019-17;0.34
0to14;2019-18;0.53
0to14;2019-19;-1.42
0to14;2019-20;-1.07
0to14;2019-21;0.84
0to14;2019-22;-1.15
0to14;2019-23;0.99
0to14;2019-24;-0.24
0to14;2019-25;0.1
0to14;2019-26;0.29
0to14;2019-27;-0.17
0to14;2019-28;1.03
0to14;2019-29;-1.28
0to14;2019-30;1.27
0to14;2019-31;1.73
0to14;2019-32;-0.79
0to14;2019-33;0.42
0to14;2019-34;1.92
0to14;2019-35;0.48
0to14;2019-36;-0.87
0to14;2019-37;0.02
0to14;2019-38;1.57
0to14;2019-39;-0.91
0to14;2019-40;1.08
0to14;2019-41;-0.66
0to14;2019-42;-0.62
0to14;2019-43;0.73
0to14;2019-44;-1.51
0to14;2019-45;-0.14
0to14;2019-46;1.01
0to14;2019-47;0.6
0to14;2019-48;1.87
0to14;2019-49;1.83
0to14;2019-50;3.02
0to14;2019-51;1.93
0to14;2019-52;2.06
0to14;2020-01;-0.42
0to14;2020-02;0.78
0to14;2020-03;0.92
0to14;2020-04;1.83
0to14;2020-05;1.52
0to14;2020-06;1.13
0to14;2020-07;0.14
0to14;2020-08;0.84
0to14;2020-09;0.25
0to14;2020-10;0.72
0to14;2020-11;0.73
0to14;2020-12;0.1
0to14;2020-13;0.8
0to14;2020-14;-0.38
0to14;2020-15;0.19
0to14;2020-16;-0.87
0to14;2020-17;-0.63
0to14;2020-18;-1.18
0to14;2020-19;-1.03
0to14;2020-20;-0.41
0to14;2020-21;-0.77
0to14;2020-22;-1
0to14;2020-23;0.18
0to14;2020-24;-1.46
0to14;2020-25;-0.6
0to14;2020-26;0.29
0to14;2020-27;-1.24
0to14;2020-28;-1.28
0to14;2020-29;-0.8
0to14;2020-30;1.77
0to14;2020-31;-0.14
0to14;2020-32;-1.45
0to14;2020-33;-0.17
0to14;2020-34;-1.54
0to14;2020-35;-1.1
0to14;2020-36;-1.24
0to14;2020-37;-0.25
0to14;2020-38;0.35
0to14;2020-39;-0.02
0to14;2020-40;-1.71
0to14;2020-41;-0.2
0to14;2020-42;-2.97
0to14;2020-43;-0.61
0to14;2020-44;-2.13
0to14;2020-45;0.09
0to14;2020-46;-0.65
0to14;2020-47;-1.5
0to14;2020-48;-1.68
0to14;2020-49;-0.17
0to14;2020-50;-1.24
0to14;2020-51;-0.44
0to14;2020-52;-1.61
0to14;2020-53;-0.76
0to14;2021-01;-2.08
0to14;2021-02;-1.4
0to14;2021-03;-1.77
0to14;2021-04;0.02
0to14;2021-05;-1.14
0to14;2021-06;-0.19
0to14;2021-07;-1.02
0to14;2021-08;-1.91
0to14;2021-09;1.52
0to14;2021-10;-2.57
0to14;2021-11;-0.47
0to14;2021-12;-0.59
0to14;2021-13;0.39
0to14;2021-14;-1.95
0to14;2021-15;-0.75
0to14;2021-16;-1.07
0to14;2021-17;0.2
0to14;2021-18;-0.39
0to14;2021-19;0.67
0to14;2021-20;-0.28
0to14;2021-21;-0.69
0to14;2021-22;1.2
0to14;2021-23;0.21
0to14;2021-24;0.44
0to14;2021-25;0.59
0to14;2021-26;1
0to14;2021-27;0.92
0to14;2021-28;0.74
0to14;2021-29;1.06
0to14;2021-30;1.29
0to14;2021-31;0.57
0to14;2021-32;0.89
0to14;2021-33;-0.15
0to14;2021-34;-0.1
0to14;2021-35;-0.1
0to14;2021-36;0.41
0to14;2021-37;0.77
0to14;2021-38;1.36
0to14;2021-39;2.16
0to14;2021-40;0.87
0to14;2021-41;0.32
0to14;2021-42;2.07
0to14;2021-43;1.27
0to14;2021-44;1.14
0to14;2021-45;1.77
0to14;2021-46;2.25
0to14;2021-47;1.33
0to14;2021-48;3.38
0to14;2021-49;-0.94
0to14;2021-50;3
0to14;2021-51;0.98
0to14;2021-52;2.4
0to14;2022-01;0.41
0to14;2022-02;0.24
0to14;2022-03;-0.12
0to14;2022-04;-0.05
0to14;2022-05;1.76
0to14;2022-06;0.94
0to14;2022-07;0.98
0to14;2022-08;-0.24
0to14;2022-09;0.54
0to14;2022-10;1.87
0to14;2022-11;0.01
0to14;2022-12;-0.63
0to14;2022-13;1.09
0to14;2022-14;-0.42
0to14;2022-15;1.9
0to14;2022-16;-0.13
0to14;2022-17;-0.7
0to14;2022-18;-0.06
0to14;2022-19;2.59
0to14;2022-20;1.1
0to14;2022-21;0.34
0to14;2022-22;1.07
0to14;2022-23;-0.81
0to14;2022-24;3.77
0to14;2022-25;1.85
0to14;2022-26;0.92
0to14;2022-27;2.62
0to14;2022-28;0.31
0to14;2022-29;2.17
0to14;2022-30;1.26
0to14;2022-31;0.09
0to14;2022-32;1.35
0to14;2022-33;-0.12
0to14;2022-34;0.13
0to14;2022-35;0.23
0to14;2022-36;1.32
0to14;2022-37;2.19
0to14;2022-38;-0.72
0to14;2022-39;2.16
0to14;2022-40;0.96
0to14;2022-41;0.72
0to14;2022-42;-0.44
0to14;2022-43;0.82
0to14;2022-44;0.93
0to14;2022-45;2.88
0to14;2022-46;2.15
0to14;2022-47;0.76
0to14;2022-48;1.12
0to14;2022-49;5.62
0to14;2022-50;3.31
0to14;2022-51;2.66
0to14;2022-52;2.7
0to14;2023-01;-0.98
15to44;2017-03;0.85
15to44;2017-04;1.75
15to44;2017-05;0.7
15to44;2017-06;0.29
15to44;2017-07;1.38
15to44;2017-08;1.52
15to44;2017-09;-1.11
15to44;2017-10;-1.33
15to44;2017-11;-0.8
15to44;2017-12;-0.22
15to44;2017-13;-0.46
15to44;2017-14;-1.72
15to44;2017-15;-0.71
15to44;2017-16;-2.42
15to44;2017-17;0.15
15to44;2017-18;0.51
15to44;2017-19;1.18
15to44;2017-20;-0.55
15to44;2017-21;1.47
15to44;2017-22;-0.33
15to44;2017-23;-0.64
15to44;2017-24;1.09
15to44;2017-25;1.46
15to44;2017-26;-0.21
15to44;2017-27;0.91
15to44;2017-28;-0.17
15to44;2017-29;-0.48
15to44;2017-30;1.13
15to44;2017-31;1.58
15to44;2017-32;1.25
15to44;2017-33;-0.17
15to44;2017-34;0.6
15to44;2017-35;-0.39
15to44;2017-36;-0.2
15to44;2017-37;-2.24
15to44;2017-38;1.77
15to44;2017-39;0.67
15to44;2017-40;-0.19
15to44;2017-41;-0.76
15to44;2017-42;-0.14
15to44;2017-43;-0.14
15to44;2017-44;0.91
15to44;2017-45;-0.9
15to44;2017-46;-0.06
15to44;2017-47;0.13
15to44;2017-48;0.36
15to44;2017-49;1.56
15to44;2017-50;1.64
15to44;2017-51;0.74
15to44;2017-52;2.46
15to44;2018-01;3.79
15to44;2018-02;2.24
15to44;2018-03;0.75
15to44;2018-04;1.41
15to44;2018-05;-0.07
15to44;2018-06;2.58
15to44;2018-07;2.33
15to44;2018-08;-0.33
15to44;2018-09;3.4
15to44;2018-10;2.61
15to44;2018-11;1.53
15to44;2018-12;0.44
15to44;2018-13;0.55
15to44;2018-14;0.88
15to44;2018-15;0.47
15to44;2018-16;0.93
15to44;2018-17;-1.07
15to44;2018-18;1.51
15to44;2018-19;1.49
15to44;2018-20;0.24
15to44;2018-21;0.44
15to44;2018-22;-0.33
15to44;2018-23;1.11
15to44;2018-24;-1.05
15to44;2018-25;-1.01
15to44;2018-26;1.23
15to44;2018-27;1.1
15to44;2018-28;2.88
15to44;2018-29;1.11
15to44;2018-30;2.17
15to44;2018-31;4.02
15to44;2018-32;1.8
15to44;2018-33;0.81
15to44;2018-34;0.67
15to44;2018-35;0.12
15to44;2018-36;0.52
15to44;2018-37;0.16
15to44;2018-38;-0.25
15to44;2018-39;-0.25
15to44;2018-40;-0.33
15to44;2018-41;3.83
15to44;2018-42;-0.87
15to44;2018-43;-0.44
15to44;2018-44;0.16
15to44;2018-45;0.2
15to44;2018-46;-0.76
15to44;2018-47;-0.47
15to44;2018-48;-0.39
15to44;2018-49;0.72
15to44;2018-50;0.85
15to44;2018-51;1.32
15to44;2018-52;0.18
15to44;2019-01;3.03
15to44;2019-02;2.94
15to44;2019-03;1.86
15to44;2019-04;0.58
15to44;2019-05;1.27
15to44;2019-06;2.05
15to44;2019-07;1.6
15to44;2019-08;0.75
15to44;2019-09;-0.91
15to44;2019-10;1.25
15to44;2019-11;-0.93
15to44;2019-12;-0.8
15to44;2019-13;-0.9
15to44;2019-14;-0.39
15to44;2019-15;0.49
15to44;2019-16;-0.22
15to44;2019-17;-1.96
15to44;2019-18;-0.75
15to44;2019-19;-0.99
15to44;2019-20;-0.38
15to44;2019-21;-0.48
15to44;2019-22;-0.84
15to44;2019-23;0.72
15to44;2019-24;-1.37
15to44;2019-25;0.88
15to44;2019-26;2.65
15to44;2019-27;2.14
15to44;2019-28;-0.73
15to44;2019-29;-0.27
15to44;2019-30;2.26
15to44;2019-31;-0.3
15to44;2019-32;0.93
15to44;2019-33;0.15
15to44;2019-34;-0.37
15to44;2019-35;0.92
15to44;2019-36;-0.39
15to44;2019-37;0.6
15to44;2019-38;-0.08
15to44;2019-39;-1.02
15to44;2019-40;-0.3
15to44;2019-41;1.33
15to44;2019-42;-0.76
15to44;2019-43;1.68
15to44;2019-44;-0.2
15to44;2019-45;-0.02
15to44;2019-46;-0.08
15to44;2019-47;0.21
15to44;2019-48;-0.65
15to44;2019-49;0.35
15to44;2019-50;0.38
15to44;2019-51;0.08
15to44;2019-52;-0.01
15to44;2020-01;3.9
15to44;2020-02;1.97
15to44;2020-03;0.83
15to44;2020-04;-0.36
15to44;2020-05;2.96
15to44;2020-06;-0.51
15to44;2020-07;2.1
15to44;2020-08;0.37
15to44;2020-09;1.38
15to44;2020-10;1.78
15to44;2020-11;1.74
15to44;2020-12;0.97
15to44;2020-13;3.54
15to44;2020-14;3.47
15to44;2020-15;4.73
15to44;2020-16;2.15
15to44;2020-17;1.11
15to44;2020-18;-0.82
15to44;2020-19;-1
15to44;2020-20;2.15
15to44;2020-21;-0.31
15to44;2020-22;1.64
15to44;2020-23;-0.3
15to44;2020-24;1.19
15to44;2020-25;1.06
15to44;2020-26;0.98
15to44;2020-27;0.74
15to44;2020-28;-0.17
15to44;2020-29;0.76
15to44;2020-30;0.47
15to44;2020-31;2.89
15to44;2020-32;3.03
15to44;2020-33;4.36
15to44;2020-34;1.75
15to44;2020-35;0.72
15to44;2020-36;1.68
15to44;2020-37;2.56
15to44;2020-38;2.17
15to44;2020-39;0.75
15to44;2020-40;0.61
15to44;2020-41;2.43
15to44;2020-42;-0.54
15to44;2020-43;3.54
15to44;2020-44;1.55
15to44;2020-45;0.62
15to44;2020-46;0.4
15to44;2020-47;1.91
15to44;2020-48;0.7
15to44;2020-49;4.67
15to44;2020-50;3.68
15to44;2020-51;1.89
15to44;2020-52;1.32
15to44;2020-53;4.02
15to44;2021-01;2.45
15to44;2021-02;2.6
15to44;2021-03;3.61
15to44;2021-04;3.43
15to44;2021-05;3.07
15to44;2021-06;0.26
15to44;2021-07;0.51
15to44;2021-08;-0.01
15to44;2021-09;0.48
15to44;2021-10;0.73
15to44;2021-11;1.05
15to44;2021-12;0.81
15to44;2021-13;2.89
15to44;2021-14;2.25
15to44;2021-15;2.32
15to44;2021-16;2.28
15to44;2021-17;1.03
15to44;2021-18;2.98
15to44;2021-19;-0.21
15to44;2021-20;0.16
15to44;2021-21;0.67
15to44;2021-22;1.44
15to44;2021-23;0.61
15to44;2021-24;3.6
15to44;2021-25;2.08
15to44;2021-26;1.38
15to44;2021-27;2.7
15to44;2021-28;4.01
15to44;2021-29;4.73
15to44;2021-30;3.2
15to44;2021-31;1.98
15to44;2021-32;3.79
15to44;2021-33;2.7
15to44;2021-34;1.93
15to44;2021-35;2.43
15to44;2021-36;4.88
15to44;2021-37;3.81
15to44;2021-38;3.32
15to44;2021-39;2.48
15to44;2021-40;2.27
15to44;2021-41;1.53
15to44;2021-42;3.48
15to44;2021-43;1.27
15to44;2021-44;0.93
15to44;2021-45;4.36
15to44;2021-46;3.68
15to44;2021-47;5.65
15to44;2021-48;6.13
15to44;2021-49;4.56
15to44;2021-50;3.86
15to44;2021-51;3.82
15to44;2021-52;5.48
15to44;2022-01;4.45
15to44;2022-02;2.48
15to44;2022-03;2.42
15to44;2022-04;2.1
15to44;2022-05;2.5
15to44;2022-06;1.59
15to44;2022-07;2.85
15to44;2022-08;2.22
15to44;2022-09;1.61
15to44;2022-10;1.79
15to44;2022-11;2.64
15to44;2022-12;1.51
15to44;2022-13;0.62
15to44;2022-14;1.55
15to44;2022-15;0.59
15to44;2022-16;-0.05
15to44;2022-17;1.76
15to44;2022-18;2.49
15to44;2022-19;1.7
15to44;2022-20;2.04
15to44;2022-21;1.17
15to44;2022-22;-0.1
15to44;2022-23;3.15
15to44;2022-24;2.89
15to44;2022-25;2.27
15to44;2022-26;1.68
15to44;2022-27;4.85
15to44;2022-28;3.55
15to44;2022-29;3.73
15to44;2022-30;3.94
15to44;2022-31;3.26
15to44;2022-32;4.74
15to44;2022-33;2.25
15to44;2022-34;1.83
15to44;2022-35;2.03
15to44;2022-36;2.47
15to44;2022-37;0.01
15to44;2022-38;1.55
15to44;2022-39;0.3
15to44;2022-40;1.59
15to44;2022-41;3.04
15to44;2022-42;1.88
15to44;2022-43;1.2
15to44;2022-44;1.35
15to44;2022-45;0.91
15to44;2022-46;1.66
15to44;2022-47;3.04
15to44;2022-48;3.53
15to44;2022-49;3.65
15to44;2022-50;4.14
15to44;2022-51;3.67
15to44;2022-52;5.35
15to44;2023-01;-1.52
45to64;2017-03;6.26
45to64;2017-04;4.98
45to64;2017-05;6.77
45to64;2017-06;5.1
45to64;2017-07;3.43
45to64;2017-08;2.33
45to64;2017-09;1.62
45to64;2017-10;0.42
45to64;2017-11;-0.33
45to64;2017-12;0.15
45to64;2017-13;-0.43
45to64;2017-14;-0.84
45to64;2017-15;-0.19
45to64;2017-16;-1.41
45to64;2017-17;1.83
45to64;2017-18;0.58
45to64;2017-19;1.82
45to64;2017-20;-0.15
45to64;2017-21;1.11
45to64;2017-22;-1.1
45to64;2017-23;-0.64
45to64;2017-24;0.65
45to64;2017-25;3.65
45to64;2017-26;-1.44
45to64;2017-27;-0.2
45to64;2017-28;1.34
45to64;2017-29;1.32
45to64;2017-30;-0.84
45to64;2017-31;2.87
45to64;2017-32;0
45to64;2017-33;-2.05
45to64;2017-34;-0.72
45to64;2017-35;-0.03
45to64;2017-36;-1.26
45to64;2017-37;-0.88
45to64;2017-38;0.09
45to64;2017-39;0.81
45to64;2017-40;1.7
45to64;2017-41;0.67
45to64;2017-42;0.54
45to64;2017-43;-0.54
45to64;2017-44;-0.43
45to64;2017-45;1.02
45to64;2017-46;3.09
45to64;2017-47;1.37
45to64;2017-48;2.38
45to64;2017-49;2.7
45to64;2017-50;4.47
45to64;2017-51;4.82
45to64;2017-52;7.81
45to64;2018-01;8.97
45to64;2018-02;5.71
45to64;2018-03;6.1
45to64;2018-04;4.26
45to64;2018-05;5.01
45to64;2018-06;4.28
45to64;2018-07;7.25
45to64;2018-08;9.44
45to64;2018-09;11.83
45to64;2018-10;11.32
45to64;2018-11;8.37
45to64;2018-12;6.42
45to64;2018-13;3.11
45to64;2018-14;5.34
45to64;2018-15;4.25
45to64;2018-16;1.2
45to64;2018-17;-0.26
45to64;2018-18;-0.36
45to64;2018-19;-1.28
45to64;2018-20;0.24
45to64;2018-21;-0.09
45to64;2018-22;-0.25
45to64;2018-23;0.18
45to64;2018-24;-0.18
45to64;2018-25;0.17
45to64;2018-26;1.47
45to64;2018-27;0.85
45to64;2018-28;-0.19
45to64;2018-29;1.27
45to64;2018-30;3.05
45to64;2018-31;4.83
45to64;2018-32;2.66
45to64;2018-33;-0.53
45to64;2018-34;-1.02
45to64;2018-35;-0.37
45to64;2018-36;0.14
45to64;2018-37;-1.25
45to64;2018-38;-0.18
45to64;2018-39;0.52
45to64;2018-40;1.45
45to64;2018-41;-0.59
45to64;2018-42;-1.37
45to64;2018-43;-0.53
45to64;2018-44;0.36
45to64;2018-45;0.61
45to64;2018-46;0.37
45to64;2018-47;0.12
45to64;2018-48;1.39
45to64;2018-49;1.51
45to64;2018-50;1.16
45to64;2018-51;4.33
45to64;2018-52;2.02
45to64;2019-01;5.68
45to64;2019-02;5.54
45to64;2019-03;4.78
45to64;2019-04;6.52
45to64;2019-05;7.69
45to64;2019-06;6.13
45to64;2019-07;6.46
45to64;2019-08;3.62
45to64;2019-09;5.31
45to64;2019-10;3.82
45to64;2019-11;0.79
45to64;2019-12;0.37
45to64;2019-13;-0.99
45to64;2019-14;-0.09
45to64;2019-15;-1.41
45to64;2019-16;0.55
45to64;2019-17;0.68
45to64;2019-18;-1.53
45to64;2019-19;-1.22
45to64;2019-20;-0.41
45to64;2019-21;-1.12
45to64;2019-22;-0.4
45to64;2019-23;0.02
45to64;2019-24;0.28
45to64;2019-25;1.21
45to64;2019-26;2.08
45to64;2019-27;2.98
45to64;2019-28;-1.9
45to64;2019-29;1.75
45to64;2019-30;2.1
45to64;2019-31;-0.33
45to64;2019-32;-1.47
45to64;2019-33;-3.57
45to64;2019-34;-1.98
45to64;2019-35;0.46
45to64;2019-36;-1.44
45to64;2019-37;-1.84
45to64;2019-38;0.05
45to64;2019-39;0.99
45to64;2019-40;-0.29
45to64;2019-41;0.8
45to64;2019-42;-0.78
45to64;2019-43;-1.27
45to64;2019-44;-0.24
45to64;2019-45;2.06
45to64;2019-46;0.61
45to64;2019-47;-0.03
45to64;2019-48;0.82
45to64;2019-49;3.32
45to64;2019-50;2.15
45to64;2019-51;3.69
45to64;2019-52;0.88
45to64;2020-01;3.65
45to64;2020-02;4.36
45to64;2020-03;4.01
45to64;2020-04;1.82
45to64;2020-05;3.93
45to64;2020-06;2.71
45to64;2020-07;1.78
45to64;2020-08;1.08
45to64;2020-09;1.61
45to64;2020-10;2.06
45to64;2020-11;4.2
45to64;2020-12;8.81
45to64;2020-13;15.42
45to64;2020-14;22.15
45to64;2020-15;19.75
45to64;2020-16;12.74
45to64;2020-17;8.11
45to64;2020-18;3.71
45to64;2020-19;4.18
45to64;2020-20;2.2
45to64;2020-21;3.04
45to64;2020-22;2.57
45to64;2020-23;0.42
45to64;2020-24;0.74
45to64;2020-25;-1.21
45to64;2020-26;2.01
45to64;2020-27;0.56
45to64;2020-28;0.26
45to64;2020-29;0.52
45to64;2020-30;1.31
45to64;2020-31;3.14
45to64;2020-32;2.35
45to64;2020-33;6.98
45to64;2020-34;0.41
45to64;2020-35;-0.28
45to64;2020-36;0.93
45to64;2020-37;1.51
45to64;2020-38;2.81
45to64;2020-39;2.04
45to64;2020-40;3.2
45to64;2020-41;4.22
45to64;2020-42;4.27
45to64;2020-43;7.1
45to64;2020-44;7.37
45to64;2020-45;9.07
45to64;2020-46;10.74
45to64;2020-47;9.52
45to64;2020-48;12.26
45to64;2020-49;10.9
45to64;2020-50;12.53
45to64;2020-51;10.11
45to64;2020-52;11.63
45to64;2020-53;12.34
45to64;2021-01;15.68
45to64;2021-02;16.53
45to64;2021-03;16.58
45to64;2021-04;13.31
45to64;2021-05;11.63
45to64;2021-06;9.91
45to64;2021-07;8.75
45to64;2021-08;5.33
45to64;2021-09;4.73
45to64;2021-10;6.26
45to64;2021-11;5.37
45to64;2021-12;6.82
45to64;2021-13;8.15
45to64;2021-14;8.04
45to64;2021-15;9.16
45to64;2021-16;9.25
45to64;2021-17;8.94
45to64;2021-18;8
45to64;2021-19;5.06
45to64;2021-20;3.65
45to64;2021-21;3.5
45to64;2021-22;4.34
45to64;2021-23;2.92
45to64;2021-24;3.25
45to64;2021-25;2.95
45to64;2021-26;4.9
45to64;2021-27;2.66
45to64;2021-28;3.93
45to64;2021-29;5.39
45to64;2021-30;3.97
45to64;2021-31;5.85
45to64;2021-32;5.43
45to64;2021-33;5.43
45to64;2021-34;4.37
45to64;2021-35;6.66
45to64;2021-36;7.45
45to64;2021-37;3.59
45to64;2021-38;5.94
45to64;2021-39;4.45
45to64;2021-40;6.64
45to64;2021-41;8.22
45to64;2021-42;6.99
45to64;2021-43;7.43
45to64;2021-44;8.16
45to64;2021-45;10.07
45to64;2021-46;11.94
45to64;2021-47;13.88
45to64;2021-48;16.26
45to64;2021-49;15.99
45to64;2021-50;13.74
45to64;2021-51;14.02
45to64;2021-52;13.47
45to64;2022-01;10.56
45to64;2022-02;8.72
45to64;2022-03;7.33
45to64;2022-04;7.98
45to64;2022-05;7.66
45to64;2022-06;5.57
45to64;2022-07;4.74
45to64;2022-08;2.95
45to64;2022-09;3.45
45to64;2022-10;2.49
45to64;2022-11;3.39
45to64;2022-12;3.38
45to64;2022-13;4.31
45to64;2022-14;5.03
45to64;2022-15;3.93
45to64;2022-16;1.2
45to64;2022-17;2.35
45to64;2022-18;3.34
45to64;2022-19;3.43
45to64;2022-20;2.5
45to64;2022-21;-0.4
45to64;2022-22;1.15
45to64;2022-23;1.45
45to64;2022-24;3
45to64;2022-25;3.32
45to64;2022-26;5.21
45to64;2022-27;4.33
45to64;2022-28;6.95
45to64;2022-29;9.11
45to64;2022-30;5.37
45to64;2022-31;4.06
45to64;2022-32;5.51
45to64;2022-33;3.82
45to64;2022-34;2.96
45to64;2022-35;1.74
45to64;2022-36;0.27
45to64;2022-37;-0.12
45to64;2022-38;3.47
45to64;2022-39;3.47
45to64;2022-40;3.75
45to64;2022-41;2.45
45to64;2022-42;3.88
45to64;2022-43;2.65
45to64;2022-44;1.03
45to64;2022-45;2.42
45to64;2022-46;3.84
45to64;2022-47;5.57
45to64;2022-48;5.77
45to64;2022-49;10.25
45to64;2022-50;10.88
45to64;2022-51;11.65
45to64;2022-52;6.97
45to64;2023-01;-4.95
65to74;2017-03;9.43
65to74;2017-04;9.04
65to74;2017-05;11.79
65to74;2017-06;6.03
65to74;2017-07;5.96
65to74;2017-08;4.88
65to74;2017-09;2.81
65to74;2017-10;0.74
65to74;2017-11;-0.74
65to74;2017-12;-2.16
65to74;2017-13;-1.09
65to74;2017-14;-0.83
65to74;2017-15;-1.38
65to74;2017-16;-0.82
65to74;2017-17;0.71
65to74;2017-18;1.55
65to74;2017-19;1.37
65to74;2017-20;1.79
65to74;2017-21;-0.15
65to74;2017-22;-0.53
65to74;2017-23;-1.51
65to74;2017-24;-0.95
65to74;2017-25;2.6
65to74;2017-26;0.73
65to74;2017-27;1.97
65to74;2017-28;0.15
65to74;2017-29;1.9
65to74;2017-30;-0.53
65to74;2017-31;1.16
65to74;2017-32;-0.35
65to74;2017-33;0.05
65to74;2017-34;-1.08
65to74;2017-35;-1.47
65to74;2017-36;-1.37
65to74;2017-37;0.51
65to74;2017-38;1.28
65to74;2017-39;0.51
65to74;2017-40;0.42
65to74;2017-41;1.82
65to74;2017-42;1.48
65to74;2017-43;-0.38
65to74;2017-44;-0.3
65to74;2017-45;-0.35
65to74;2017-46;0.64
65to74;2017-47;1.6
65to74;2017-48;0.94
65to74;2017-49;3.48
65to74;2017-50;3.77
65to74;2017-51;4.46
65to74;2017-52;7.03
65to74;2018-01;8.45
65to74;2018-02;6.77
65to74;2018-03;7.96
65to74;2018-04;4.17
65to74;2018-05;5.25
65to74;2018-06;7.13
65to74;2018-07;8.02
65to74;2018-08;10.26
65to74;2018-09;14.65
65to74;2018-10;14.96
65to74;2018-11;10.67
65to74;2018-12;8.91
65to74;2018-13;5.53
65to74;2018-14;4.26
65to74;2018-15;2.4
65to74;2018-16;1.35
65to74;2018-17;-1.33
65to74;2018-18;-2.37
65to74;2018-19;-1.52
65to74;2018-20;-0.75
65to74;2018-21;-1.54
65to74;2018-22;1.55
65to74;2018-23;-1.82
65to74;2018-24;-1.58
65to74;2018-25;0.67
65to74;2018-26;1.59
65to74;2018-27;1.46
65to74;2018-28;-0.48
65to74;2018-29;2.8
65to74;2018-30;2.97
65to74;2018-31;6.9
65to74;2018-32;4.72
65to74;2018-33;-0.82
65to74;2018-34;0.34
65to74;2018-35;-0.94
65to74;2018-36;-0.66
65to74;2018-37;0.06
65to74;2018-38;0.19
65to74;2018-39;-1.36
65to74;2018-40;1.45
65to74;2018-41;0.42
65to74;2018-42;-1.66
65to74;2018-43;-1.61
65to74;2018-44;0
65to74;2018-45;0.82
65to74;2018-46;-2.17
65to74;2018-47;-1.55
65to74;2018-48;0.65
65to74;2018-49;0.09
65to74;2018-50;1.49
65to74;2018-51;1.99
65to74;2018-52;2.17
65to74;2019-01;3.46
65to74;2019-02;5.92
65to74;2019-03;5.79
65to74;2019-04;6.03
65to74;2019-05;7.22
65to74;2019-06;7.7
65to74;2019-07;6.41
65to74;2019-08;6.67
65to74;2019-09;4.94
65to74;2019-10;4.09
65to74;2019-11;3.3
65to74;2019-12;0.61
65to74;2019-13;-1.19
65to74;2019-14;1.46
65to74;2019-15;-1.01
65to74;2019-16;1.88
65to74;2019-17;-0.55
65to74;2019-18;-1.87
65to74;2019-19;-0.3
65to74;2019-20;-0.09
65to74;2019-21;-0.16
65to74;2019-22;0.29
65to74;2019-23;1.78
65to74;2019-24;0.09
65to74;2019-25;1.02
65to74;2019-26;3.32
65to74;2019-27;2.08
65to74;2019-28;-1.27
65to74;2019-29;-1.09
65to74;2019-30;6.66
65to74;2019-31;0.96
65to74;2019-32;-0.86
65to74;2019-33;-1.46
65to74;2019-34;-1.28
65to74;2019-35;1.56
65to74;2019-36;-2.56
65to74;2019-37;-0.77
65to74;2019-38;-0.93
65to74;2019-39;0.31
65to74;2019-40;0.34
65to74;2019-41;0.38
65to74;2019-42;0.01
65to74;2019-43;1.11
65to74;2019-44;-0.48
65to74;2019-45;0.25
65to74;2019-46;-0.22
65to74;2019-47;0.72
65to74;2019-48;-0.25
65to74;2019-49;3.05
65to74;2019-50;3.59
65to74;2019-51;4.03
65to74;2019-52;0.89
65to74;2020-01;3.29
65to74;2020-02;4.33
65to74;2020-03;2.78
65to74;2020-04;3.96
65to74;2020-05;4.33
65to74;2020-06;2.19
65to74;2020-07;1.83
65to74;2020-08;0.71
65to74;2020-09;0.97
65to74;2020-10;1.92
65to74;2020-11;5.83
65to74;2020-12;13.95
65to74;2020-13;25.93
65to74;2020-14;32.93
65to74;2020-15;29.41
65to74;2020-16;19.29
65to74;2020-17;12.95
65to74;2020-18;6.73
65to74;2020-19;4.72
65to74;2020-20;1.86
65to74;2020-21;0.72
65to74;2020-22;0.4
65to74;2020-23;0.25
65to74;2020-24;-1.37
65to74;2020-25;-0.47
65to74;2020-26;3.87
65to74;2020-27;0.86
65to74;2020-28;-1.66
65to74;2020-29;-0.36
65to74;2020-30;1.02
65to74;2020-31;2.02
65to74;2020-32;2.41
65to74;2020-33;7.49
65to74;2020-34;1.39
65to74;2020-35;0.64
65to74;2020-36;1.52
65to74;2020-37;2.45
65to74;2020-38;2.12
65to74;2020-39;3.82
65to74;2020-40;5.09
65to74;2020-41;4.4
65to74;2020-42;6.29
65to74;2020-43;10.48
65to74;2020-44;14.23
65to74;2020-45;15.62
65to74;2020-46;17.02
65to74;2020-47;15.91
65to74;2020-48;16.66
65to74;2020-49;18.51
65to74;2020-50;16.37
65to74;2020-51;16.25
65to74;2020-52;16.54
65to74;2020-53;16.61
65to74;2021-01;17.32
65to74;2021-02;20.65
65to74;2021-03;21.21
65to74;2021-04;18.66
65to74;2021-05;15.08
65to74;2021-06;11.69
65to74;2021-07;11.09
65to74;2021-08;6.11
65to74;2021-09;6.08
65to74;2021-10;8.12
65to74;2021-11;8.37
65to74;2021-12;8.81
65to74;2021-13;9.83
65to74;2021-14;11.54
65to74;2021-15;10.41
65to74;2021-16;11.46
65to74;2021-17;9.26
65to74;2021-18;11.61
65to74;2021-19;7.05
65to74;2021-20;6.52
65to74;2021-21;2.59
65to74;2021-22;4.34
65to74;2021-23;4.2
65to74;2021-24;4.75
65to74;2021-25;2.21
65to74;2021-26;3.71
65to74;2021-27;3.59
65to74;2021-28;5.46
65to74;2021-29;6.52
65to74;2021-30;5.23
65to74;2021-31;5.69
65to74;2021-32;7.14
65to74;2021-33;6.51
65to74;2021-34;5.42
65to74;2021-35;6.92
65to74;2021-36;9.55
65to74;2021-37;5.22
65to74;2021-38;4.88
65to74;2021-39;6.46
65to74;2021-40;6.1
65to74;2021-41;8.51
65to74;2021-42;7.28
65to74;2021-43;10.07
65to74;2021-44;9.4
65to74;2021-45;11.47
65to74;2021-46;12.43
65to74;2021-47;16.35
65to74;2021-48;19.41
65to74;2021-49;17.31
65to74;2021-50;15.55
65to74;2021-51;15.25
65to74;2021-52;14.3
65to74;2022-01;10.33
65to74;2022-02;10.01
65to74;2022-03;7.55
65to74;2022-04;10.3
65to74;2022-05;9.78
65to74;2022-06;7.1
65to74;2022-07;7.3
65to74;2022-08;3.72
65to74;2022-09;4.22
65to74;2022-10;5.03
65to74;2022-11;5.25
65to74;2022-12;6.11
65to74;2022-13;6.24
65to74;2022-14;7.59
65to74;2022-15;5.47
65to74;2022-16;4.71
65to74;2022-17;4.99
65to74;2022-18;5.02
65to74;2022-19;4.38
65to74;2022-20;3.36
65to74;2022-21;-0.35
65to74;2022-22;3.35
65to74;2022-23;3.52
65to74;2022-24;6.12
65to74;2022-25;6.7
65to74;2022-26;5.67
65to74;2022-27;5.43
65to74;2022-28;8.82
65to74;2022-29;12.86
65to74;2022-30;9.4
65to74;2022-31;6.92
65to74;2022-32;7.76
65to74;2022-33;5.7
65to74;2022-34;2.57
65to74;2022-35;0.64
65to74;2022-36;3.49
65to74;2022-37;1.82
65to74;2022-38;3.43
65to74;2022-39;6.47
65to74;2022-40;7.35
65to74;2022-41;7.46
65to74;2022-42;7.01
65to74;2022-43;4.74
65to74;2022-44;2.4
65to74;2022-45;3.17
65to74;2022-46;4.01
65to74;2022-47;6.61
65to74;2022-48;7.15
65to74;2022-49;10
65to74;2022-50;15.59
65to74;2022-51;18.21
65to74;2022-52;9.84
65to74;2023-01;-4.49
75to84;2017-03;13.22
75to84;2017-04;14.16
75to84;2017-05;14.79
75to84;2017-06;10.11
75to84;2017-07;8.9
75to84;2017-08;6.37
75to84;2017-09;4.21
75to84;2017-10;1.19
75to84;2017-11;-0.14
75to84;2017-12;-1.78
75to84;2017-13;-1.52
75to84;2017-14;-2.22
75to84;2017-15;-2.49
75to84;2017-16;-1.44
75to84;2017-17;0.54
75to84;2017-18;0.45
75to84;2017-19;1.69
75to84;2017-20;1.16
75to84;2017-21;0.25
75to84;2017-22;0.33
75to84;2017-23;-3.45
75to84;2017-24;0.95
75to84;2017-25;4.12
75to84;2017-26;1.53
75to84;2017-27;3.06
75to84;2017-28;-0.86
75to84;2017-29;0.54
75to84;2017-30;0.72
75to84;2017-31;2.76
75to84;2017-32;0.24
75to84;2017-33;-0.56
75to84;2017-34;-0.14
75to84;2017-35;-0.53
75to84;2017-36;-2.13
75to84;2017-37;-0.45
75to84;2017-38;-0.06
75to84;2017-39;1.63
75to84;2017-40;0.99
75to84;2017-41;2.12
75to84;2017-42;0.24
75to84;2017-43;-1.67
75to84;2017-44;-1.99
75to84;2017-45;-1.5
75to84;2017-46;0.05
75to84;2017-47;0.58
75to84;2017-48;1.39
75to84;2017-49;2.8
75to84;2017-50;5.74
75to84;2017-51;5.87
75to84;2017-52;7.46
75to84;2018-01;9.63
75to84;2018-02;8.06
75to84;2018-03;7.64
75to84;2018-04;6.22
75to84;2018-05;5.8
75to84;2018-06;6.88
75to84;2018-07;8.81
75to84;2018-08;9.89
75to84;2018-09;17.27
75to84;2018-10;19.07
75to84;2018-11;13.07
75to84;2018-12;8.94
75to84;2018-13;7.85
75to84;2018-14;5.27
75to84;2018-15;3.29
75to84;2018-16;0.82
75to84;2018-17;-2.75
75to84;2018-18;-1.94
75to84;2018-19;-2.21
75to84;2018-20;-3.43
75to84;2018-21;-0.45
75to84;2018-22;0.6
75to84;2018-23;0.44
75to84;2018-24;-2.99
75to84;2018-25;-1.26
75to84;2018-26;2.14
75to84;2018-27;2.09
75to84;2018-28;0.01
75to84;2018-29;1.23
75to84;2018-30;6.36
75to84;2018-31;8.86
75to84;2018-32;5.93
75to84;2018-33;0.73
75to84;2018-34;0.11
75to84;2018-35;-1.66
75to84;2018-36;-0.29
75to84;2018-37;-1.04
75to84;2018-38;-0.93
75to84;2018-39;-1.72
75to84;2018-40;-1.23
75to84;2018-41;0.54
75to84;2018-42;-3.02
75to84;2018-43;-2.29
75to84;2018-44;-0.36
75to84;2018-45;-0.11
75to84;2018-46;-2.61
75to84;2018-47;-0.6
75to84;2018-48;0.67
75to84;2018-49;0.42
75to84;2018-50;-0.42
75to84;2018-51;1.5
75to84;2018-52;0.18
75to84;2019-01;2.47
75to84;2019-02;5.85
75to84;2019-03;5.57
75to84;2019-04;5.78
75to84;2019-05;6.36
75to84;2019-06;7.21
75to84;2019-07;6.21
75to84;2019-08;3.86
75to84;2019-09;4.84
75to84;2019-10;3.24
75to84;2019-11;2.23
75to84;2019-12;-0.99
75to84;2019-13;0.09
75to84;2019-14;0.99
75to84;2019-15;-0.36
75to84;2019-16;1.09
75to84;2019-17;0.5
75to84;2019-18;-1.06
75to84;2019-19;0.98
75to84;2019-20;0.94
75to84;2019-21;1.02
75to84;2019-22;-0.68
75to84;2019-23;1.22
75to84;2019-24;0.33
75to84;2019-25;0.79
75to84;2019-26;3.99
75to84;2019-27;2.56
75to84;2019-28;0.53
75to84;2019-29;0.81
75to84;2019-30;9.53
75to84;2019-31;0.76
75to84;2019-32;1.07
75to84;2019-33;-1.45
75to84;2019-34;0.47
75to84;2019-35;2.37
75to84;2019-36;-1.71
75to84;2019-37;-0.9
75to84;2019-38;-0.96
75to84;2019-39;0.86
75to84;2019-40;0
75to84;2019-41;1.83
75to84;2019-42;1.32
75to84;2019-43;0.06
75to84;2019-44;0.49
75to84;2019-45;0.08
75to84;2019-46;2.51
75to84;2019-47;1.78
75to84;2019-48;1.13
75to84;2019-49;0.91
75to84;2019-50;2.7
75to84;2019-51;3.15
75to84;2019-52;0.66
75to84;2020-01;1.17
75to84;2020-02;3.68
75to84;2020-03;2.1
75to84;2020-04;1.02
75to84;2020-05;3.33
75to84;2020-06;0.15
75to84;2020-07;1.85
75to84;2020-08;-0.88
75to84;2020-09;0.86
75to84;2020-10;1.6
75to84;2020-11;4.09
75to84;2020-12;13.57
75to84;2020-13;29.68
75to84;2020-14;40.64
75to84;2020-15;39.16
75to84;2020-16;28.21
75to84;2020-17;17.67
75to84;2020-18;10.28
75to84;2020-19;6.19
75to84;2020-20;2.41
75to84;2020-21;1.66
75to84;2020-22;-0.95
75to84;2020-23;0.22
75to84;2020-24;-0.56
75to84;2020-25;-0.9
75to84;2020-26;1.6
75to84;2020-27;-0.21
75to84;2020-28;0.01
75to84;2020-29;1.76
75to84;2020-30;1.61
75to84;2020-31;4.89
75to84;2020-32;3.88
75to84;2020-33;10.35
75to84;2020-34;2.44
75to84;2020-35;0.88
75to84;2020-36;0.77
75to84;2020-37;2.72
75to84;2020-38;4.09
75to84;2020-39;2.9
75to84;2020-40;4.35
75to84;2020-41;4.32
75to84;2020-42;6.08
75to84;2020-43;10.88
75to84;2020-44;16.04
75to84;2020-45;18.95
75to84;2020-46;20.35
75to84;2020-47;18.91
75to84;2020-48;18.1
75to84;2020-49;18.79
75to84;2020-50;20.11
75to84;2020-51;19.9
75to84;2020-52;18.95
75to84;2020-53;20.6
75to84;2021-01;21.66
75to84;2021-02;23.84
75to84;2021-03;25.78
75to84;2021-04;20.28
75to84;2021-05;15.23
75to84;2021-06;10.76
75to84;2021-07;7.88
75to84;2021-08;3.53
75to84;2021-09;1.79
75to84;2021-10;1.66
75to84;2021-11;2.27
75to84;2021-12;2.65
75to84;2021-13;5.51
75to84;2021-14;4.43
75to84;2021-15;4.1
75to84;2021-16;5.01
75to84;2021-17;4.65
75to84;2021-18;4.41
75to84;2021-19;2.1
75to84;2021-20;0.6
75to84;2021-21;-0.36
75to84;2021-22;0.57
75to84;2021-23;0.3
75to84;2021-24;2.83
75to84;2021-25;0.8
75to84;2021-26;1.81
75to84;2021-27;1.26
75to84;2021-28;2.93
75to84;2021-29;6.46
75to84;2021-30;5.58
75to84;2021-31;5.67
75to84;2021-32;6.31
75to84;2021-33;6.07
75to84;2021-34;4.84
75to84;2021-35;5.43
75to84;2021-36;8.51
75to84;2021-37;4.74
75to84;2021-38;3.01
75to84;2021-39;4.21
75to84;2021-40;3.39
75to84;2021-41;4.93
75to84;2021-42;6.26
75to84;2021-43;8.92
75to84;2021-44;7.94
75to84;2021-45;10.15
75to84;2021-46;11.6
75to84;2021-47;14
75to84;2021-48;16.23
75to84;2021-49;14.62
75to84;2021-50;11.6
75to84;2021-51;11.42
75to84;2021-52;11.31
75to84;2022-01;7.52
75to84;2022-02;6.14
75to84;2022-03;6.68
75to84;2022-04;8.22
75to84;2022-05;8.74
75to84;2022-06;6.4
75to84;2022-07;5.63
75to84;2022-08;3.86
75to84;2022-09;2.81
75to84;2022-10;4.84
75to84;2022-11;5.61
75to84;2022-12;5.36
75to84;2022-13;7.59
75to84;2022-14;8.34
75to84;2022-15;7.49
75to84;2022-16;4.26
75to84;2022-17;3.67
75to84;2022-18;3.86
75to84;2022-19;4.27
75to84;2022-20;3.56
75to84;2022-21;0.37
75to84;2022-22;3.71
75to84;2022-23;2.55
75to84;2022-24;6.6
75to84;2022-25;6.93
75to84;2022-26;6.11
75to84;2022-27;8.03
75to84;2022-28;11.69
75to84;2022-29;16.96
75to84;2022-30;12.04
75to84;2022-31;10.04
75to84;2022-32;11.52
75to84;2022-33;8.32
75to84;2022-34;5.11
75to84;2022-35;3.09
75to84;2022-36;3.93
75to84;2022-37;2.43
75to84;2022-38;4.13
75to84;2022-39;7.72
75to84;2022-40;8.71
75to84;2022-41;9.19
75to84;2022-42;8.86
75to84;2022-43;7.07
75to84;2022-44;2.14
75to84;2022-45;3.83
75to84;2022-46;4.86
75to84;2022-47;6.3
75to84;2022-48;7.45
75to84;2022-49;11.95
75to84;2022-50;17.03
75to84;2022-51;21.46
75to84;2022-52;13.75
75to84;2023-01;-2.99
65P;2017-03;19.87
65P;2017-04;20.06
65P;2017-05;20.51
65P;2017-06;14.22
65P;2017-07;12.12
65P;2017-08;9.07
65P;2017-09;5.79
65P;2017-10;1.92
65P;2017-11;-0.59
65P;2017-12;-2.65
65P;2017-13;-1.96
65P;2017-14;-2.88
65P;2017-15;-2.67
65P;2017-16;-2.58
65P;2017-17;1.06
65P;2017-18;1.04
65P;2017-19;1.26
65P;2017-20;1.52
65P;2017-21;0.57
65P;2017-22;-0.12
65P;2017-23;-2.93
65P;2017-24;1.08
65P;2017-25;4.73
65P;2017-26;0.9
65P;2017-27;3.09
65P;2017-28;-0.32
65P;2017-29;1.52
65P;2017-30;0.62
65P;2017-31;3.62
65P;2017-32;1.63
65P;2017-33;0.79
65P;2017-34;0.87
65P;2017-35;-0.53
65P;2017-36;-2.81
65P;2017-37;-0.88
65P;2017-38;0.45
65P;2017-39;1.77
65P;2017-40;1.26
65P;2017-41;2.47
65P;2017-42;0.23
65P;2017-43;-1.72
65P;2017-44;-2.1
65P;2017-45;-1.38
65P;2017-46;0.35
65P;2017-47;0.96
65P;2017-48;0.59
65P;2017-49;3.69
65P;2017-50;5.94
65P;2017-51;6.88
65P;2017-52;10.07
65P;2018-01;14.73
65P;2018-02;12.24
65P;2018-03;11.68
65P;2018-04;8.84
65P;2018-05;8.03
65P;2018-06;9.03
65P;2018-07;12.12
65P;2018-08;14.65
65P;2018-09;21.78
65P;2018-10;23.8
65P;2018-11;16.72
65P;2018-12;12.5
65P;2018-13;9.79
65P;2018-14;6.87
65P;2018-15;4.25
65P;2018-16;1.2
65P;2018-17;-2.66
65P;2018-18;-3.07
65P;2018-19;-2.22
65P;2018-20;-3.16
65P;2018-21;-0.99
65P;2018-22;0.6
65P;2018-23;-1.45
65P;2018-24;-3.07
65P;2018-25;-0.6
65P;2018-26;2.62
65P;2018-27;3.3
65P;2018-28;0.4
65P;2018-29;3.17
65P;2018-30;7.12
65P;2018-31;11.25
65P;2018-32;7.69
65P;2018-33;0.96
65P;2018-34;0.82
65P;2018-35;-1.6
65P;2018-36;-0.68
65P;2018-37;-1.5
65P;2018-38;-0.28
65P;2018-39;-2.44
65P;2018-40;-0.03
65P;2018-41;1.05
65P;2018-42;-3.02
65P;2018-43;-2.94
65P;2018-44;-0.84
65P;2018-45;-0.27
65P;2018-46;-3.34
65P;2018-47;-2.12
65P;2018-48;-1.1
65P;2018-49;-0.86
65P;2018-50;-1.42
65P;2018-51;1.23
65P;2018-52;0.37
65P;2019-01;4.28
65P;2019-02;8.04
65P;2019-03;8.01
65P;2019-04;8.43
65P;2019-05;9.08
65P;2019-06;9.66
65P;2019-07;7.52
65P;2019-08;7.07
65P;2019-09;6.89
65P;2019-10;4.39
65P;2019-11;3.08
65P;2019-12;-0.23
65P;2019-13;-0.97
65P;2019-14;1.17
65P;2019-15;-0.86
65P;2019-16;1.46
65P;2019-17;1.13
65P;2019-18;-0.64
65P;2019-19;0.37
65P;2019-20;1
65P;2019-21;1.1
65P;2019-22;0.64
65P;2019-23;1.52
65P;2019-24;0.79
65P;2019-25;1.23
65P;2019-26;5.25
65P;2019-27;3.23
65P;2019-28;1.23
65P;2019-29;1.16
65P;2019-30;11.13
65P;2019-31;1.67
65P;2019-32;1.22
65P;2019-33;-0.89
65P;2019-34;0.62
65P;2019-35;3.37
65P;2019-36;-2.38
65P;2019-37;-0.95
65P;2019-38;-0.67
65P;2019-39;0.93
65P;2019-40;0.02
65P;2019-41;1.94
65P;2019-42;1.25
65P;2019-43;0.59
65P;2019-44;0.47
65P;2019-45;0.45
65P;2019-46;1.81
65P;2019-47;2.51
65P;2019-48;1.34
65P;2019-49;1.58
65P;2019-50;2.96
65P;2019-51;4.04
65P;2019-52;0.98
65P;2020-01;3.7
65P;2020-02;6.35
65P;2020-03;4.23
65P;2020-04;2.84
65P;2020-05;4.95
65P;2020-06;1.74
65P;2020-07;2.43
65P;2020-08;-0.68
65P;2020-09;1.05
65P;2020-10;2.3
65P;2020-11;5.3
65P;2020-12;15.21
65P;2020-13;32.36
65P;2020-14;48.31
65P;2020-15;47.43
65P;2020-16;35.26
65P;2020-17;23.32
65P;2020-18;13.35
65P;2020-19;8.69
65P;2020-20;2.98
65P;2020-21;3.23
65P;2020-22;-0.13
65P;2020-23;0.29
65P;2020-24;-1.33
65P;2020-25;-1.05
65P;2020-26;3.58
65P;2020-27;0.44
65P;2020-28;0.06
65P;2020-29;1.55
65P;2020-30;2.66
65P;2020-31;6.32
65P;2020-32;5.47
65P;2020-33;12.66
65P;2020-34;4.03
65P;2020-35;1.43
65P;2020-36;1.57
65P;2020-37;3.43
65P;2020-38;5.22
65P;2020-39;2.7
65P;2020-40;5.29
65P;2020-41;4.75
65P;2020-42;6.69
65P;2020-43;13.53
65P;2020-44;17.91
65P;2020-45;21.44
65P;2020-46;22.9
65P;2020-47;21.25
65P;2020-48;20.77
65P;2020-49;22.01
65P;2020-50;22.89
65P;2020-51;22.26
65P;2020-52;21.74
65P;2020-53;23.06
65P;2021-01;25.33
65P;2021-02;28.35
65P;2021-03;30.16
65P;2021-04;24.75
65P;2021-05;17.43
65P;2021-06;11.87
65P;2021-07;9.15
65P;2021-08;2.91
65P;2021-09;0.04
65P;2021-10;1.32
65P;2021-11;1.39
65P;2021-12;1.93
65P;2021-13;3.49
65P;2021-14;3.78
65P;2021-15;3.85
65P;2021-16;4.69
65P;2021-17;4.02
65P;2021-18;5.05
65P;2021-19;1.83
65P;2021-20;0.27
65P;2021-21;-0.47
65P;2021-22;1.41
65P;2021-23;0.5
65P;2021-24;3.98
65P;2021-25;1.08
65P;2021-26;2.68
65P;2021-27;2.87
65P;2021-28;4.6
65P;2021-29;8.25
65P;2021-30;6.56
65P;2021-31;7.87
65P;2021-32;9.73
65P;2021-33;8.28
65P;2021-34;6.02
65P;2021-35;6.49
65P;2021-36;10.61
65P;2021-37;5.56
65P;2021-38;3.67
65P;2021-39;5.05
65P;2021-40;4.45
65P;2021-41;6.57
65P;2021-42;7.97
65P;2021-43;10.35
65P;2021-44;9.22
65P;2021-45;11.83
65P;2021-46;12.6
65P;2021-47;14.91
65P;2021-48;18.48
65P;2021-49;17.28
65P;2021-50;13.78
65P;2021-51;13.38
65P;2021-52;13.11
65P;2022-01;9.73
65P;2022-02;8.78
65P;2022-03;8.96
65P;2022-04;11.33
65P;2022-05;12.19
65P;2022-06;8.96
65P;2022-07;8.44
65P;2022-08;4.54
65P;2022-09;4.6
65P;2022-10;6.05
65P;2022-11;6.81
65P;2022-12;7.75
65P;2022-13;9.26
65P;2022-14;11.01
65P;2022-15;9.77
65P;2022-16;6.78
65P;2022-17;6.07
65P;2022-18;5.38
65P;2022-19;5.56
65P;2022-20;4.88
65P;2022-21;0.63
65P;2022-22;4.31
65P;2022-23;4.08
65P;2022-24;8.91
65P;2022-25;8.29
65P;2022-26;8.36
65P;2022-27;10.42
65P;2022-28;15.48
65P;2022-29;22.4
65P;2022-30;16.55
65P;2022-31;14.12
65P;2022-32;14.84
65P;2022-33;11.2
65P;2022-34;7.09
65P;2022-35;3.93
65P;2022-36;4.41
65P;2022-37;3.19
65P;2022-38;5.08
65P;2022-39;9.83
65P;2022-40;10.97
65P;2022-41;11.2
65P;2022-42;10.94
65P;2022-43;8.29
65P;2022-44;3.34
65P;2022-45;4.6
65P;2022-46;5.66
65P;2022-47;7.3
65P;2022-48;9.02
65P;2022-49;14.88
65P;2022-50;20.84
65P;2022-51;27.47
65P;2022-52;18.34
65P;2023-01;-2.1
85P;2017-03;21.74
85P;2017-04;21.58
85P;2017-05;20.99
85P;2017-06;15.38
85P;2017-07;12.63
85P;2017-08;9.49
85P;2017-09;6.06
85P;2017-10;2.18
85P;2017-11;-0.72
85P;2017-12;-2.64
85P;2017-13;-2
85P;2017-14;-3.22
85P;2017-15;-2.45
85P;2017-16;-3.21
85P;2017-17;1.21
85P;2017-18;0.93
85P;2017-19;0.55
85P;2017-20;1.2
85P;2017-21;0.9
85P;2017-22;-0.21
85P;2017-23;-2.19
85P;2017-24;1.62
85P;2017-25;4.49
85P;2017-26;0.26
85P;2017-27;2.57
85P;2017-28;-0.03
85P;2017-29;1.57
85P;2017-30;0.79
85P;2017-31;4
85P;2017-32;2.83
85P;2017-33;1.76
85P;2017-34;2.04
85P;2017-35;0
85P;2017-36;-2.95
85P;2017-37;-1.43
85P;2017-38;0.36
85P;2017-39;1.81
85P;2017-40;1.39
85P;2017-41;2.2
85P;2017-42;-0.3
85P;2017-43;-1.71
85P;2017-44;-2.19
85P;2017-45;-1.25
85P;2017-46;0.33
85P;2017-47;0.66
85P;2017-48;-0.3
85P;2017-49;3.17
85P;2017-50;4.98
85P;2017-51;6.23
85P;2017-52;9.71
85P;2018-01;15.71
85P;2018-02;13.09
85P;2018-03;11.99
85P;2018-04;9.43
85P;2018-05;7.93
85P;2018-06;8.25
85P;2018-07;11.94
85P;2018-08;14.76
85P;2018-09;20.52
85P;2018-10;22.68
85P;2018-11;16.09
85P;2018-12;12.25
85P;2018-13;9.56
85P;2018-14;6.74
85P;2018-15;4.24
85P;2018-16;1.03
85P;2018-17;-2.26
85P;2018-18;-3.12
85P;2018-19;-1.78
85P;2018-20;-2.89
85P;2018-21;-0.82
85P;2018-22;0.07
85P;2018-23;-2.13
85P;2018-24;-2.72
85P;2018-25;-0.44
85P;2018-26;2.53
85P;2018-27;3.81
85P;2018-28;0.88
85P;2018-29;3.63
85P;2018-30;7
85P;2018-31;11.01
85P;2018-32;7.61
85P;2018-33;1.5
85P;2018-34;1.24
85P;2018-35;-1.32
85P;2018-36;-0.74
85P;2018-37;-1.95
85P;2018-38;0.08
85P;2018-39;-2.57
85P;2018-40;0.24
85P;2018-41;1.32
85P;2018-42;-2.58
85P;2018-43;-2.96
85P;2018-44;-1.21
85P;2018-45;-0.7
85P;2018-46;-3.24
85P;2018-47;-2.71
85P;2018-48;-2.64
85P;2018-49;-1.86
85P;2018-50;-2.79
85P;2018-51;0.32
85P;2018-52;-0.37
85P;2019-01;4.35
85P;2019-02;7.66
85P;2019-03;7.82
85P;2019-04;8.32
85P;2019-05;8.62
85P;2019-06;8.87
85P;2019-07;6.34
85P;2019-08;7.03
85P;2019-09;6.72
85P;2019-10;3.8
85P;2019-11;2.52
85P;2019-12;-0.02
85P;2019-13;-1.36
85P;2019-14;0.77
85P;2019-15;-0.91
85P;2019-16;1.07
85P;2019-17;1.8
85P;2019-18;0.29
85P;2019-19;0.09
85P;2019-20;1.13
85P;2019-21;1.28
85P;2019-22;1.46
85P;2019-23;1.14
85P;2019-24;1.11
85P;2019-25;1.22
85P;2019-26;5.18
85P;2019-27;3.1
85P;2019-28;2.26
85P;2019-29;1.86
85P;2019-30;10.41
85P;2019-31;2
85P;2019-32;1.71
85P;2019-33;-0.03
85P;2019-34;1.22
85P;2019-35;3.67
85P;2019-36;-2.04
85P;2019-37;-0.77
85P;2019-38;-0.19
85P;2019-39;0.9
85P;2019-40;-0.11
85P;2019-41;1.97
85P;2019-42;1.26
85P;2019-43;0.55
85P;2019-44;0.64
85P;2019-45;0.59
85P;2019-46;1.48
85P;2019-47;2.82
85P;2019-48;1.57
85P;2019-49;0.92
85P;2019-50;1.88
85P;2019-51;3.27
85P;2019-52;0.8
85P;2020-01;4.24
85P;2020-02;6.72
85P;2020-03;4.68
85P;2020-04;2.6
85P;2020-05;4.55
85P;2020-06;1.91
85P;2020-07;2.11
85P;2020-08;-0.99
85P;2020-09;0.72
85P;2020-10;2.04
85P;2020-11;4.14
85P;2020-12;11.92
85P;2020-13;26.32
85P;2020-14;43.86
85P;2020-15;44.59
85P;2020-16;34.67
85P;2020-17;23.54
85P;2020-18;13.61
85P;2020-19;9.07
85P;2020-20;2.79
85P;2020-21;4.15
85P;2020-22;0.22
85P;2020-23;0.2
85P;2020-24;-1.47
85P;2020-25;-1.09
85P;2020-26;3.61
85P;2020-27;0.52
85P;2020-28;0.66
85P;2020-29;1.59
85P;2020-30;3.09
85P;2020-31;6.86
85P;2020-32;5.93
85P;2020-33;12.14
85P;2020-34;4.77
85P;2020-35;1.58
85P;2020-36;1.56
85P;2020-37;3.14
85P;2020-38;5.46
85P;2020-39;1.21
85P;2020-40;4.26
85P;2020-41;3.62
85P;2020-42;5.08
85P;2020-43;12.14
85P;2020-44;14.85
85P;2020-45;18.47
85P;2020-46;19.52
85P;2020-47;18.02
85P;2020-48;17.47
85P;2020-49;18.43
85P;2020-50;19.83
85P;2020-51;18.91
85P;2020-52;18.53
85P;2020-53;19.66
85P;2021-01;22.55
85P;2021-02;25.07
85P;2021-03;26.67
85P;2021-04;21.99
85P;2021-05;14.17
85P;2021-06;8.78
85P;2021-07;6.24
85P;2021-08;0.23
85P;2021-09;-3.55
85P;2021-10;-2.01
85P;2021-11;-2.4
85P;2021-12;-1.88
85P;2021-13;-1.48
85P;2021-14;-0.91
85P;2021-15;-0.13
85P;2021-16;0.31
85P;2021-17;0.23
85P;2021-18;1.28
85P;2021-19;-1.03
85P;2021-20;-2.57
85P;2021-21;-1.68
85P;2021-22;0.29
85P;2021-23;-1.06
85P;2021-24;3.08
85P;2021-25;0.36
85P;2021-26;1.91
85P;2021-27;2.64
85P;2021-28;3.81
85P;2021-29;7.39
85P;2021-30;5.54
85P;2021-31;7.58
85P;2021-32;9.82
85P;2021-33;7.72
85P;2021-34;5.01
85P;2021-35;4.86
85P;2021-36;8.96
85P;2021-37;4.35
85P;2021-38;2.36
85P;2021-39;3.35
85P;2021-40;2.99
85P;2021-41;4.73
85P;2021-42;6.72
85P;2021-43;8.02
85P;2021-44;6.97
85P;2021-45;9.21
85P;2021-46;9.21
85P;2021-47;10.14
85P;2021-48;13.67
85P;2021-49;13.44
85P;2021-50;10.06
85P;2021-51;9.59
85P;2021-52;9.54
85P;2022-01;7.68
85P;2022-02;7.07
85P;2022-03;7.9
85P;2022-04;9.92
85P;2022-05;11.22
85P;2022-06;8.22
85P;2022-07;7.77
85P;2022-08;3.58
85P;2022-09;4.19
85P;2022-10;5.05
85P;2022-11;5.77
85P;2022-12;7.26
85P;2022-13;8.32
85P;2022-14;10.35
85P;2022-15;9.56
85P;2022-16;6.87
85P;2022-17;5.95
85P;2022-18;4.62
85P;2022-19;4.92
85P;2022-20;4.61
85P;2022-21;0.77
85P;2022-22;3.52
85P;2022-23;3.82
85P;2022-24;8.52
85P;2022-25;7.01
85P;2022-26;8.06
85P;2022-27;10.45
85P;2022-28;15.47
85P;2022-29;22.41
85P;2022-30;16.87
85P;2022-31;14.92
85P;2022-32;14.88
85P;2022-33;11.49
85P;2022-34;7.68
85P;2022-35;4.27
85P;2022-36;3.46
85P;2022-37;2.97
85P;2022-38;4.51
85P;2022-39;9.19
85P;2022-40;10.17
85P;2022-41;10.2
85P;2022-42;10.16
85P;2022-43;7.59
85P;2022-44;3.2
85P;2022-45;3.95
85P;2022-46;4.76
85P;2022-47;5.69
85P;2022-48;7.66
85P;2022-49;13.74
85P;2022-50;18.45
85P;2022-51;25.98
85P;2022-52;18.49
85P;2023-01;-0.27