FileDate;Datum;B;B;B;K;K;K;N;N;N;O;O;O;S;S;S;St;St;St;T;T;T;V;V;V;W;W;W;Ö;Ö;Ö
21.02.2023;22.02.2023;39;43;47;77;84;92;311;332;355;169;183;198;77;85;92;165;179;193;100;109;118;38;42;47;258;277;298;1279;1334;1391
21.02.2023;23.02.2023;37;43;50;75;85;97;305;338;374;167;186;207;75;85;97;163;181;202;99;111;124;37;43;49;253;280;310;1274;1352;1436
21.02.2023;24.02.2023;37;44;52;75;88;102;305;342;383;164;188;214;74;86;101;161;184;209;97;112;130;36;43;51;252;284;320;1282;1370;1463
21.02.2023;25.02.2023;36;44;54;75;89;107;302;346;396;162;189;221;73;87;104;159;186;217;96;114;135;35;43;53;248;287;331;1259;1385;1525
21.02.2023;26.02.2023;36;45;55;75;90;108;303;350;404;163;191;223;74;88;106;160;188;219;97;115;137;35;43;53;250;290;337;1249;1400;1569
21.02.2023;27.02.2023;37;45;56;76;91;110;308;354;406;164;192;224;74;89;107;161;189;222;98;116;138;35;43;53;254;293;339;1269;1413;1575
21.02.2023;28.02.2023;36;46;58;75;92;114;304;357;420;161;193;231;73;90;111;160;191;229;97;117;143;34;43;55;251;296;351;1265;1426;1608
21.02.2023;01.03.2023;35;46;61;74;93;117;302;361;432;159;193;236;72;91;115;158;193;235;95;118;147;33;43;57;249;299;361;1238;1438;1671
21.02.2023;02.03.2023;35;46;61;74;94;119;299;364;444;156;194;241;72;92;116;156;194;241;95;119;150;33;43;57;246;302;371;1255;1449;1674
21.02.2023;03.03.2023;35;47;63;72;94;124;296;368;456;153;194;247;71;93;121;154;195;248;93;120;155;32;43;58;243;305;383;1234;1459;1726
21.02.2023;04.03.2023;34;47;65;71;95;126;292;371;471;150;195;252;70;93;124;151;197;256;92;121;159;31;43;59;239;307;395;1206;1469;1788
21.02.2023;05.03.2023;34;48;66;71;95;128;290;373;480;149;195;255;70;94;126;151;198;259;92;122;161;31;43;59;238;310;403;1197;1477;1822
21.02.2023;06.03.2023;34;48;68;70;96;132;289;376;490;147;195;258;69;94;130;149;199;265;90;122;166;30;43;61;237;312;410;1189;1484;1853
21.02.2023;07.03.2023;32;48;73;67;96;138;282;378;508;142;194;266;66;95;136;146;200;274;87;123;173;28;43;64;232;314;423;1145;1490;1941
21.02.2023;08.03.2023;32;48;73;67;97;139;280;380;516;140;194;269;66;95;137;144;200;278;87;123;175;28;42;64;229;315;433;1156;1496;1936
14.02.2023;15.02.2023;25;28;31;43;47;52;211;226;243;173;187;203;58;64;70;106;115;125;52;57;63;15;17;20;174;188;204;887;931;976
14.02.2023;16.02.2023;24;28;33;42;48;55;207;231;257;172;192;214;56;64;73;103;116;129;50;58;66;15;18;21;171;190;212;885;945;1009
14.02.2023;17.02.2023;24;29;35;42;50;59;203;231;262;171;196;223;55;65;76;101;116;134;49;58;69;14;18;22;169;192;219;882;954;1031
14.02.2023;18.02.2023;24;29;36;41;51;62;200;232;270;170;199;233;54;65;79;98;116;137;48;59;71;14;18;23;166;194;227;876;964;1061
14.02.2023;19.02.2023;24;29;37;42;51;63;200;234;274;173;202;236;54;66;80;99;117;138;49;59;72;15;18;24;168;197;230;874;974;1085
14.02.2023;20.02.2023;24;30;37;43;53;64;204;238;278;175;205;239;55;66;80;98;117;139;49;60;73;15;19;24;170;199;232;885;986;1098
14.02.2023;21.02.2023;23;30;39;42;53;68;203;242;288;173;207;248;54;67;83;97;117;142;48;61;76;14;19;26;168;201;239;884;997;1124
14.02.2023;22.02.2023;23;31;41;41;54;71;203;246;298;172;210;256;52;67;86;95;117;145;47;61;79;14;19;27;166;203;247;874;1009;1165
14.02.2023;23.02.2023;23;31;42;42;55;72;202;249;308;171;213;264;52;68;87;94;118;147;48;62;80;14;20;28;165;205;254;868;1020;1200
14.02.2023;24.02.2023;23;31;43;42;56;75;200;253;320;169;215;274;51;68;90;91;118;152;47;63;83;14;20;28;163;207;263;867;1032;1228
14.02.2023;25.02.2023;23;32;44;42;57;78;198;256;332;169;218;282;51;68;92;90;118;155;47;63;86;14;21;29;162;209;271;871;1042;1248
14.02.2023;26.02.2023;23;32;45;42;58;79;200;260;338;169;221;289;51;69;93;89;118;156;47;64;87;14;21;30;161;211;277;864;1053;1284
14.02.2023;27.02.2023;22;33;47;42;59;83;199;263;349;169;223;296;50;69;96;87;118;160;46;64;90;14;21;31;161;213;283;857;1064;1321
14.02.2023;28.02.2023;21;33;51;40;59;89;197;267;363;165;226;309;47;69;101;84;118;166;44;65;96;13;22;35;158;215;294;851;1075;1358
14.02.2023;01.03.2023;21;33;52;40;60;91;196;271;374;165;229;316;47;70;102;84;118;167;44;66;98;13;22;36;157;217;300;854;1085;1379
07.02.2023;08.02.2023;33;36;40;44;49;54;140;151;164;97;106;115;59;65;71;105;114;124;39;43;48;16;18;20;142;154;166;701;736;772
07.02.2023;09.02.2023;32;36;42;43;49;57;136;151;168;94;106;120;57;65;74;101;114;127;38;43;50;15;18;21;139;155;173;687;738;793
07.02.2023;10.02.2023;30;37;44;41;49;58;132;151;172;92;107;123;55;65;76;98;113;131;36;43;52;14;18;22;137;157;179;683;739;801
07.02.2023;11.02.2023;30;37;45;40;49;59;128;151;178;90;107;127;54;65;78;96;113;134;36;44;54;14;18;23;135;159;187;678;742;812
07.02.2023;12.02.2023;30;37;45;40;49;60;128;151;178;91;108;128;53;65;78;96;113;134;36;44;54;14;18;23;137;161;189;668;745;830
07.02.2023;13.02.2023;30;37;46;40;49;60;129;151;178;91;108;129;53;65;78;95;113;135;36;44;54;14;18;23;138;163;191;671;748;833
07.02.2023;14.02.2023;29;37;48;39;49;62;126;151;182;89;109;132;52;65;80;93;113;137;35;44;57;14;18;25;137;165;198;670;751;842
07.02.2023;15.02.2023;28;37;50;38;49;64;124;152;186;88;109;136;50;65;83;91;113;140;34;44;59;13;19;26;136;167;205;654;755;872
07.02.2023;16.02.2023;28;38;50;38;49;64;122;152;189;88;110;138;50;65;83;90;113;142;34;45;59;13;19;26;136;169;210;646;760;893
07.02.2023;17.02.2023;28;38;51;37;50;66;119;152;195;86;111;143;49;65;86;88;113;147;33;45;60;14;19;27;134;172;220;642;764;909
07.02.2023;18.02.2023;28;38;53;37;50;68;117;153;199;85;111;147;48;65;87;86;114;150;33;45;62;13;19;28;134;174;227;639;769;926
07.02.2023;19.02.2023;28;38;53;37;50;68;117;153;201;85;112;149;48;65;88;86;114;151;33;45;62;13;19;28;135;177;232;634;774;946
07.02.2023;20.02.2023;27;39;55;36;50;71;115;154;205;83;113;153;47;65;91;84;114;155;32;45;64;13;20;29;135;180;240;624;780;973
07.02.2023;21.02.2023;25;39;59;34;51;76;112;155;214;80;114;161;45;65;95;81;114;161;30;45;69;12;20;32;132;182;252;621;785;992
07.02.2023;22.02.2023;26;39;60;34;51;77;112;155;216;81;115;163;45;65;96;81;115;162;30;46;69;12;20;33;133;185;258;615;791;1018
31.01.2023;01.02.2023;11;13;14;41;45;50;126;137;148;71;78;86;45;49;54;92;100;109;31;34;38;8;9;11;128;138;149;576;604;634
31.01.2023;02.02.2023;11;13;15;39;45;52;121;136;151;70;79;90;43;49;56;89;100;113;29;34;39;8;10;11;123;138;154;558;603;652
31.01.2023;03.02.2023;10;13;16;39;46;55;117;134;154;68;79;93;41;49;58;86;100;115;28;33;40;8;10;12;119;137;157;553;601;654
31.01.2023;04.02.2023;10;13;16;38;47;57;113;133;157;66;79;95;40;48;59;84;100;119;27;33;41;8;10;13;116;137;161;545;600;660
31.01.2023;05.02.2023;10;13;16;38;47;57;113;132;156;66;80;95;40;48;59;84;100;119;27;33;41;8;10;13;116;136;160;534;599;671
31.01.2023;06.02.2023;10;13;16;38;47;58;111;131;155;66;80;96;39;48;59;84;100;119;27;33;41;8;10;13;115;136;161;536;598;666
31.01.2023;07.02.2023;10;13;17;37;47;60;108;131;157;64;80;99;38;48;60;82;100;122;26;33;43;7;10;14;113;136;163;530;597;673
31.01.2023;08.02.2023;9;13;18;36;48;63;106;130;160;63;80;102;36;48;62;80;100;125;25;33;44;7;10;15;110;136;167;517;597;689
31.01.2023;09.02.2023;9;13;19;36;48;63;104;129;161;63;80;102;36;47;62;80;100;126;25;33;44;7;10;15;108;135;169;505;597;706
31.01.2023;10.02.2023;10;13;19;36;48;65;100;129;165;61;80;106;35;47;63;77;100;130;25;33;45;7;11;15;106;135;174;502;598;711
31.01.2023;11.02.2023;9;14;19;36;49;67;98;128;167;60;81;108;35;47;64;76;100;132;24;34;46;7;11;16;104;135;177;493;598;726
31.01.2023;12.02.2023;9;14;20;36;49;67;97;128;168;60;81;109;35;47;65;76;101;134;24;34;47;7;11;16;103;135;178;486;599;739
31.01.2023;13.02.2023;9;14;21;35;49;70;95;127;171;59;81;112;33;47;66;74;101;137;24;34;49;7;11;17;101;136;182;478;601;755
31.01.2023;14.02.2023;9;14;23;33;50;75;92;127;176;57;82;118;31;47;71;72;101;144;22;34;53;7;11;19;98;136;188;471;602;770
31.01.2023;15.02.2023;9;14;23;33;50;76;91;127;178;57;82;119;31;47;71;71;102;145;22;35;53;7;11;20;97;136;190;464;604;787
24.01.2023;25.01.2023;19;21;23;19;21;23;142;154;166;63;69;75;49;54;59;91;99;107;34;37;42;5;6;7;133;144;155;576;604;634
24.01.2023;26.01.2023;17;20;24;18;21;24;136;151;169;59;67;76;47;54;62;87;98;111;32;37;43;5;6;8;127;141;157;551;596;644
24.01.2023;27.01.2023;16;20;24;16;20;25;131;149;170;56;66;77;45;53;63;84;97;113;30;37;44;5;6;8;121;139;159;540;588;639
24.01.2023;28.01.2023;16;20;24;16;20;25;125;147;173;54;65;78;44;53;64;81;97;115;29;36;44;5;6;8;116;137;161;527;580;639
24.01.2023;29.01.2023;15;19;24;16;20;25;123;145;170;53;64;77;43;53;64;81;96;115;29;36;44;5;7;9;114;134;158;511;573;642
24.01.2023;30.01.2023;15;19;24;15;19;24;122;143;168;52;62;75;43;52;63;80;96;114;28;35;43;5;7;9;112;132;156;507;565;630
24.01.2023;31.01.2023;14;19;24;14;19;25;117;141;169;49;61;76;41;52;65;78;95;116;27;35;44;5;7;9;108;130;157;495;558;629
24.01.2023;01.02.2023;13;18;25;14;19;25;114;139;170;47;60;77;40;51;66;76;95;118;26;34;45;5;7;10;104;128;157;477;551;636
24.01.2023;02.02.2023;13;18;24;13;18;25;111;137;170;46;59;76;39;51;66;75;94;119;25;34;45;5;7;10;101;126;157;460;544;644
24.01.2023;03.02.2023;13;18;24;13;18;25;106;136;173;44;58;77;38;50;67;72;94;122;24;33;45;5;7;10;97;124;159;452;538;640
24.01.2023;04.02.2023;12;17;24;12;18;25;103;134;174;43;57;77;37;50;68;71;93;123;24;33;45;5;7;10;94;123;160;438;531;644
24.01.2023;05.02.2023;12;17;24;12;17;25;101;132;173;42;56;76;36;49;67;70;93;123;23;32;45;5;7;11;92;121;158;426;525;648
24.01.2023;06.02.2023;11;17;24;12;17;25;98;131;174;40;55;76;35;49;69;68;92;126;22;32;45;5;7;11;89;119;160;413;519;652
24.01.2023;07.02.2023;10;16;26;11;17;27;94;129;178;37;54;79;33;48;72;65;92;130;21;31;48;4;7;12;85;118;163;401;513;656
24.01.2023;08.02.2023;10;16;26;10;16;26;92;128;177;36;53;78;32;48;72;64;92;131;20;31;47;4;7;13;83;116;162;390;507;661
17.01.2023;18.01.2023;12;14;16;28;31;34;191;205;221;89;97;106;63;69;75;124;134;145;35;38;43;13;15;17;180;194;210;760;797;837
17.01.2023;19.01.2023;12;14;16;26;31;36;181;202;225;85;96;108;60;68;77;119;133;149;33;38;44;13;15;17;172;192;213;737;787;841
17.01.2023;20.01.2023;11;13;17;25;30;37;176;200;227;81;94;109;57;67;78;115;132;152;31;37;44;12;15;18;166;189;214;719;777;840
17.01.2023;21.01.2023;10;13;16;25;30;37;169;197;229;78;93;110;55;66;80;111;131;155;30;36;45;11;14;18;159;186;217;701;767;839
17.01.2023;22.01.2023;10;13;16;24;30;37;166;194;227;77;91;108;54;66;79;111;131;154;29;36;44;11;14;18;156;183;213;679;756;843
17.01.2023;23.01.2023;10;12;16;24;30;37;164;191;224;75;90;107;54;65;78;110;130;154;28;35;43;11;14;18;154;180;210;670;746;831
17.01.2023;24.01.2023;9;12;16;23;30;38;158;188;224;72;88;108;52;64;80;107;129;156;27;34;43;10;14;19;149;177;210;653;736;830
17.01.2023;25.01.2023;8;12;16;22;29;40;153;186;225;69;87;108;49;63;81;104;128;158;25;33;44;10;14;19;143;174;212;628;726;838
17.01.2023;26.01.2023;8;11;16;22;29;39;148;183;226;68;85;107;49;63;80;102;128;159;24;32;43;10;14;19;138;171;212;609;716;842
17.01.2023;27.01.2023;8;11;15;21;29;40;142;180;229;65;84;108;47;62;82;99;127;163;23;32;43;10;13;19;132;168;214;593;706;840
17.01.2023;28.01.2023;7;11;15;21;29;40;137;177;230;62;82;109;46;61;82;97;126;165;22;31;43;9;13;19;128;166;214;578;696;838
17.01.2023;29.01.2023;7;10;15;20;29;40;134;175;228;61;81;107;45;60;82;95;125;165;22;30;42;9;13;19;124;163;213;563;687;837
17.01.2023;30.01.2023;7;10;15;20;28;41;130;172;228;58;79;108;43;60;83;93;125;167;21;30;42;9;13;20;121;160;212;546;677;841
17.01.2023;31.01.2023;6;9;15;18;28;44;124;169;231;55;78;111;41;59;86;89;124;172;19;29;44;8;13;21;115;158;215;532;668;839
17.01.2023;01.02.2023;6;9;15;18;28;44;121;167;231;54;77;110;40;58;85;88;123;172;19;28;43;8;13;21;112;155;215;515;659;843
10.01.2023;11.01.2023;36;39;44;27;30;34;229;246;264;96;105;114;65;71;78;129;140;151;43;48;53;18;20;23;249;267;287;921;966;1014
10.01.2023;12.01.2023;34;39;45;26;30;34;219;244;272;92;103;116;63;71;81;125;139;155;41;48;55;17;20;24;241;267;296;900;961;1027
10.01.2023;13.01.2023;33;39;47;24;29;35;213;242;274;88;102;118;61;71;83;121;139;159;39;47;56;16;20;25;236;266;300;884;955;1033
10.01.2023;14.01.2023;32;39;48;23;28;35;207;240;278;85;101;119;59;71;85;118;138;162;38;47;57;16;20;25;230;266;307;863;950;1046
10.01.2023;15.01.2023;32;39;48;22;28;34;205;238;277;84;100;118;59;71;85;117;138;162;38;47;57;16;20;26;228;265;308;848;945;1053
10.01.2023;16.01.2023;32;39;48;22;27;33;203;236;275;83;98;117;59;71;85;116;137;162;38;46;57;16;20;26;229;264;305;844;940;1047
10.01.2023;17.01.2023;31;39;50;20;26;34;198;235;278;80;97;118;57;71;88;113;137;165;36;46;59;15;20;27;223;264;312;829;935;1054
10.01.2023;18.01.2023;30;39;52;19;25;34;192;233;282;77;96;119;55;70;90;111;136;167;35;46;60;15;20;28;218;263;317;801;929;1079
10.01.2023;19.01.2023;30;39;52;18;25;33;187;231;285;75;95;119;55;70;90;109;136;169;35;46;60;15;20;28;214;262;322;791;924;1080
10.01.2023;20.01.2023;29;39;53;18;24;33;182;229;288;72;94;121;53;70;93;106;135;173;34;46;61;15;20;28;208;261;328;772;919;1093
10.01.2023;21.01.2023;28;39;54;17;23;32;177;227;293;70;92;122;52;70;94;103;135;175;34;46;62;14;21;29;202;260;335;763;913;1094
10.01.2023;22.01.2023;28;39;54;16;23;32;173;226;294;69;91;121;52;70;94;102;134;176;33;45;62;14;21;29;199;260;338;749;908;1100
10.01.2023;23.01.2023;27;39;56;15;22;31;170;224;295;66;90;122;51;70;97;100;134;179;32;45;64;14;21;30;196;259;341;727;903;1120
10.01.2023;24.01.2023;26;39;59;14;21;33;164;222;302;63;89;125;48;70;101;96;133;184;30;45;68;13;21;33;191;258;348;710;897;1134
10.01.2023;25.01.2023;26;39;59;13;20;32;160;220;303;62;88;124;48;70;102;95;132;185;30;45;68;13;21;33;187;257;353;706;892;1127
03.01.2023;04.01.2023;39;43;47;30;34;37;266;286;307;121;130;141;57;62;69;145;157;169;52;58;63;32;36;40;304;325;347;1084;1130;1179
03.01.2023;05.01.2023;37;43;49;29;33;39;256;284;314;117;131;146;54;61;70;139;155;173;50;57;65;31;36;42;290;321;356;1050;1122;1199
03.01.2023;06.01.2023;36;43;51;28;33;40;250;282;317;114;131;150;51;60;71;135;154;176;48;57;67;30;36;43;283;318;356;1036;1114;1197
03.01.2023;07.01.2023;35;43;53;27;33;41;243;279;321;111;131;155;50;60;73;130;153;179;47;56;68;29;36;44;275;313;358;1004;1105;1216
03.01.2023;08.01.2023;35;43;53;27;33;41;238;277;322;112;131;154;49;60;72;129;151;178;46;56;68;29;36;44;268;309;357;984;1096;1221
03.01.2023;09.01.2023;35;43;53;27;33;41;238;274;317;111;131;155;49;59;72;127;150;176;46;56;68;29;36;44;265;305;350;976;1087;1211
03.01.2023;10.01.2023;34;43;55;25;33;42;230;272;322;109;131;158;47;59;74;124;148;178;44;55;69;28;36;46;255;300;353;956;1078;1215
03.01.2023;11.01.2023;33;43;57;24;33;44;224;269;324;107;131;162;46;58;75;121;148;180;43;55;71;27;36;48;247;295;354;920;1068;1241
03.01.2023;12.01.2023;33;43;57;24;32;43;218;267;328;105;131;164;45;58;75;118;147;182;42;55;71;27;35;47;238;291;354;917;1060;1224
03.01.2023;13.01.2023;32;43;58;24;32;44;212;264;331;102;131;169;44;58;77;114;146;186;41;55;72;26;35;48;231;287;356;889;1051;1243
03.01.2023;14.01.2023;31;43;59;23;32;44;206;263;336;100;131;172;43;58;78;111;145;189;40;54;73;25;35;49;222;283;359;872;1044;1250
03.01.2023;15.01.2023;31;43;59;23;32;44;202;261;338;100;131;173;43;58;79;110;145;189;40;54;74;25;35;49;216;278;358;851;1037;1264
03.01.2023;16.01.2023;30;43;61;22;32;45;198;259;339;98;131;176;42;58;81;108;144;192;38;54;75;24;35;50;210;274;357;829;1029;1277
03.01.2023;17.01.2023;28;43;64;20;31;48;190;256;346;94;131;182;40;58;85;105;144;198;36;54;79;23;35;53;202;271;364;795;1022;1315
03.01.2023;18.01.2023;28;43;65;20;31;48;186;255;348;93;131;183;39;58;85;103;144;200;36;53;79;22;34;53;198;268;364;795;1016;1300
20.12.2022;21.12.2022;30;33;37;46;51;56;305;326;349;104;113;123;85;93;101;157;170;184;46;50;55;37;41;45;319;340;363;1167;1217;1269
20.12.2022;22.12.2022;28;33;38;43;50;57;289;320;354;100;112;125;81;91;103;150;167;186;43;49;57;35;40;46;302;334;370;1120;1196;1278
20.12.2022;23.12.2022;26;31;37;40;47;56;271;303;340;92;107;123;75;87;101;140;160;182;40;47;56;32;38;46;283;318;356;1065;1137;1215
20.12.2022;24.12.2022;24;30;37;37;46;56;256;294;336;88;104;123;71;84;100;133;155;182;38;46;56;30;37;45;270;308;351;1002;1103;1214
20.12.2022;25.12.2022;24;30;38;38;46;56;257;297;343;89;106;125;72;86;102;135;158;185;38;46;57;30;37;46;271;312;358;1003;1117;1245
20.12.2022;26.12.2022;25;31;38;38;47;57;263;302;347;91;108;129;73;87;105;137;161;190;39;47;58;31;38;46;278;317;362;1023;1140;1270
20.12.2022;27.12.2022;25;32;42;39;49;61;268;315;370;94;114;138;75;91;112;141;168;202;39;49;62;31;39;50;283;331;387;1054;1189;1340
20.12.2022;28.12.2022;24;32;44;38;49;64;264;317;379;93;115;143;74;92;116;139;170;207;38;50;65;30;39;52;277;332;398;1029;1196;1390
20.12.2022;29.12.2022;24;32;43;37;49;63;259;315;384;92;116;145;73;92;117;137;170;211;38;49;64;29;39;52;271;331;403;1033;1193;1378
20.12.2022;30.12.2022;23;31;43;36;47;63;248;308;382;88;114;147;70;91;118;131;167;212;36;48;64;28;38;51;261;324;402;988;1169;1382
20.12.2022;31.12.2022;22;31;43;34;46;63;236;300;382;85;112;147;67;89;118;125;163;213;35;47;64;27;37;51;248;316;401;948;1141;1375
20.12.2022;01.01.2023;22;31;44;34;47;64;237;305;393;87;115;152;68;91;121;127;166;218;35;48;65;27;38;52;249;321;413;947;1161;1424
20.12.2022;02.01.2023;22;32;46;35;49;68;243;316;412;88;120;162;69;94;129;129;172;229;35;49;69;27;39;55;254;331;431;968;1202;1491
20.12.2022;03.01.2023;21;32;50;33;49;73;237;318;427;86;121;171;67;95;136;126;173;238;33;49;73;26;39;59;250;333;444;935;1211;1567
20.12.2022;04.01.2023;21;32;50;32;49;73;234;318;432;86;122;173;67;96;137;125;173;241;33;49;74;25;39;59;245;332;451;941;1210;1557
13.12.2022;14.12.2022;32;35;39;44;48;53;247;265;285;95;103;112;85;93;101;127;138;149;48;53;58;30;33;37;243;262;281;982;1030;1081
13.12.2022;15.12.2022;31;35;41;42;49;56;240;266;295;93;105;118;82;93;105;124;138;155;46;53;61;29;33;39;238;264;292;971;1037;1108
13.12.2022;16.12.2022;29;35;43;41;49;58;236;266;300;91;105;121;80;93;108;122;140;160;45;53;63;28;34;41;236;266;300;969;1042;1120
13.12.2022;17.12.2022;29;36;44;40;49;60;231;267;308;88;105;125;79;94;111;119;140;165;44;53;65;27;34;42;232;268;309;950;1046;1151
13.12.2022;18.12.2022;29;36;44;41;49;60;230;267;311;88;105;125;79;94;112;120;141;166;44;54;65;27;34;42;232;270;314;943;1050;1170
13.12.2022;19.12.2022;29;36;44;41;50;61;231;268;310;88;105;125;79;94;113;120;142;168;44;54;65;28;34;42;234;272;316;946;1054;1174
13.12.2022;20.12.2022;28;36;46;39;50;63;226;268;317;86;105;128;77;94;116;119;143;172;43;54;68;27;34;44;231;274;324;938;1058;1193
13.12.2022;21.12.2022;27;36;48;38;50;65;222;268;324;84;105;131;75;95;119;117;144;177;42;54;70;26;34;46;227;276;334;914;1062;1233
13.12.2022;22.12.2022;27;36;48;39;50;66;218;268;330;84;105;132;75;95;120;116;145;181;41;54;70;26;35;46;225;277;342;911;1065;1245
13.12.2022;23.12.2022;27;36;49;38;51;67;214;268;337;81;105;136;73;95;124;113;145;186;41;54;72;25;35;47;222;279;350;903;1068;1264
13.12.2022;24.12.2022;26;36;50;37;51;69;209;269;346;80;106;139;72;95;126;112;146;191;40;54;73;25;35;48;218;280;361;895;1072;1283
13.12.2022;25.12.2022;26;36;51;37;51;70;206;269;350;80;106;140;72;95;127;112;147;192;40;54;74;25;35;49;216;282;367;887;1075;1302
13.12.2022;26.12.2022;25;36;52;36;51;72;204;269;354;78;106;144;70;96;130;110;147;198;39;54;76;24;35;50;215;283;373;868;1078;1337
13.12.2022;27.12.2022;24;36;56;34;51;77;199;269;363;75;107;151;67;96;136;107;148;205;36;54;81;23;35;54;211;285;384;850;1080;1373
13.12.2022;28.12.2022;24;37;56;34;51;77;196;269;369;75;107;152;67;96;137;106;148;208;36;54;81;23;35;55;208;286;393;853;1083;1374
06.12.2022;07.12.2022;32;35;39;65;71;77;288;307;328;82;89;97;73;80;87;105;114;124;36;39;44;22;25;28;208;224;240;938;984;1033
06.12.2022;08.12.2022;30;35;41;63;71;81;279;309;343;79;89;100;71;80;91;103;115;129;35;40;46;22;25;29;202;225;251;927;990;1058
06.12.2022;09.12.2022;29;35;42;62;72;84;277;311;350;76;88;102;69;80;94;102;118;136;34;41;49;21;25;31;200;227;257;923;998;1079
06.12.2022;10.12.2022;29;35;43;60;73;88;273;313;360;74;88;105;67;81;96;101;119;141;34;41;51;20;25;32;197;228;265;913;1005;1106
06.12.2022;11.12.2022;29;35;44;61;74;89;273;316;365;75;89;106;67;81;97;102;120;143;34;42;51;20;25;32;197;230;269;909;1012;1128
06.12.2022;12.12.2022;29;35;44;62;74;89;276;318;366;75;90;108;67;81;98;103;122;144;34;42;52;20;25;32;199;232;271;915;1020;1136
06.12.2022;13.12.2022;28;35;46;60;75;93;272;320;376;74;91;111;66;81;100;101;123;149;33;43;55;19;26;34;197;234;278;911;1027;1158
06.12.2022;14.12.2022;27;36;48;59;75;97;268;322;387;72;91;114;64;81;103;100;124;153;33;43;57;19;26;35;195;236;286;890;1034;1200
06.12.2022;15.12.2022;27;36;48;60;76;97;265;325;398;72;91;115;64;82;104;99;124;156;33;44;58;19;26;35;193;238;293;891;1041;1217
06.12.2022;16.12.2022;26;36;49;58;77;101;262;327;408;70;92;119;63;82;107;97;125;162;33;44;60;19;26;36;190;240;303;881;1048;1247
06.12.2022;17.12.2022;26;36;50;58;77;104;257;329;421;70;92;122;62;82;110;96;126;166;32;45;61;18;26;36;187;242;313;881;1055;1263
06.12.2022;18.12.2022;26;36;50;58;78;105;256;332;429;69;93;124;62;83;111;96;127;168;32;45;62;18;26;37;187;244;317;877;1062;1287
06.12.2022;19.12.2022;25;36;52;57;79;109;255;334;438;68;93;127;60;83;114;94;127;173;32;45;65;18;26;38;185;245;325;862;1069;1327
06.12.2022;20.12.2022;24;36;56;55;79;115;251;336;451;66;94;134;58;83;119;91;128;180;30;46;70;16;26;41;182;247;336;852;1076;1360
06.12.2022;21.12.2022;24;37;56;55;80;116;248;339;463;66;94;135;58;84;120;91;129;182;30;46;71;16;26;41;180;249;344;857;1083;1369
29.11.2022;30.11.2022;23;26;29;39;43;48;254;273;294;88;96;105;76;83;91;88;96;104;19;21;23;22;24;27;202;217;233;838;880;923
29.11.2022;01.12.2022;23;26;31;37;43;50;248;275;305;85;95;108;73;83;94;85;96;108;18;21;24;21;24;28;196;218;243;826;882;942
29.11.2022;02.12.2022;22;26;32;36;43;51;244;275;310;82;95;110;71;83;97;83;97;112;17;21;25;20;24;30;193;219;249;817;883;955
29.11.2022;03.12.2022;21;26;33;35;43;52;239;276;318;79;94;112;69;83;99;81;97;115;16;21;26;20;25;31;190;220;256;808;885;968
29.11.2022;04.12.2022;21;27;33;35;43;52;239;278;323;79;94;112;70;83;99;82;97;116;16;20;26;20;25;31;190;222;259;797;888;989
29.11.2022;05.12.2022;21;27;33;35;43;53;242;279;322;78;93;111;69;83;100;82;98;117;16;20;26;20;25;31;191;223;261;800;892;993
29.11.2022;06.12.2022;21;27;35;34;43;55;236;279;331;76;93;114;68;83;103;81;98;120;16;20;27;19;25;33;189;224;267;793;894;1008
29.11.2022;07.12.2022;20;27;37;33;43;57;233;281;338;74;93;116;66;84;106;79;99;124;15;20;28;19;25;35;187;226;274;778;898;1037
29.11.2022;08.12.2022;20;27;37;33;43;57;231;283;347;74;93;116;66;84;107;79;100;126;15;20;28;19;26;35;185;228;281;769;904;1063
29.11.2022;09.12.2022;20;27;38;32;43;58;226;284;357;71;92;120;64;84;110;77;100;130;15;20;28;19;26;35;182;230;291;763;908;1081
29.11.2022;10.12.2022;20;27;39;32;43;59;222;285;367;70;92;122;64;85;113;77;101;134;15;21;29;18;26;37;179;232;301;762;913;1093
29.11.2022;11.12.2022;20;28;39;31;43;60;221;288;374;69;92;122;63;85;114;77;102;135;14;21;29;19;26;37;180;235;306;754;919;1120
29.11.2022;12.12.2022;19;28;40;31;43;62;220;290;381;68;92;125;62;85;117;75;103;140;14;21;30;18;26;38;179;237;315;746;926;1149
29.11.2022;13.12.2022;18;28;44;29;44;66;215;291;392;65;92;131;60;86;123;73;104;147;13;21;33;17;27;42;176;240;327;741;931;1170
29.11.2022;14.12.2022;18;28;45;29;44;66;213;292;401;65;92;132;60;86;124;73;105;149;13;21;33;17;27;43;176;243;336;738;938;1193
22.11.2022;23.11.2022;24;27;30;31;34;38;240;258;278;107;116;126;33;37;41;91;99;107;27;30;33;20;22;25;157;170;184;755;792;831
22.11.2022;24.11.2022;23;27;31;29;33;39;231;256;283;103;115;129;31;36;42;87;98;110;25;29;34;19;22;26;153;170;190;736;787;841
22.11.2022;25.11.2022;22;27;32;27;33;40;225;253;286;99;114;131;30;36;43;84;97;112;24;29;35;18;22;27;149;170;194;723;782;845
22.11.2022;26.11.2022;21;27;33;26;33;40;218;252;291;96;114;134;29;36;44;81;96;114;23;29;36;18;22;28;146;170;199;711;778;851
22.11.2022;27.11.2022;21;26;33;26;32;40;216;251;291;95;113;134;29;36;44;80;95;113;23;29;36;18;23;28;146;171;200;696;775;864
22.11.2022;28.11.2022;21;26;33;26;32;40;214;249;289;95;112;133;29;36;44;79;95;113;23;29;36;18;23;28;146;172;202;694;773;861
22.11.2022;29.11.2022;20;26;34;25;32;41;210;248;293;92;112;136;28;35;45;77;94;115;22;28;37;17;23;30;144;172;207;684;771;870
22.11.2022;30.11.2022;19;26;36;24;31;42;204;247;300;90;112;138;26;35;47;75;94;117;21;28;38;17;23;32;142;174;212;667;771;890
22.11.2022;01.12.2022;19;26;36;23;31;42;200;247;304;89;111;139;26;35;47;74;93;117;21;28;38;17;23;32;141;175;217;655;771;906
22.11.2022;02.12.2022;19;26;36;23;31;42;196;246;309;86;111;143;26;35;48;72;93;120;21;28;38;17;24;33;139;176;224;648;771;917
22.11.2022;03.12.2022;19;26;37;22;31;43;191;246;316;85;111;146;25;35;48;70;93;122;20;28;39;17;24;34;137;178;232;641;772;930
22.11.2022;04.12.2022;19;26;37;22;31;43;189;246;320;84;111;147;25;35;49;70;93;123;20;28;39;17;24;34;137;180;235;635;774;944
22.11.2022;05.12.2022;18;27;38;22;31;44;187;246;324;82;111;150;25;35;50;68;92;126;19;28;40;17;24;35;136;182;242;625;776;963
22.11.2022;06.12.2022;17;27;42;20;31;47;182;246;332;79;111;156;23;35;54;65;92;131;18;28;43;16;25;39;134;184;252;620;779;978
22.11.2022;07.12.2022;17;27;42;20;31;48;180;247;339;79;112;157;23;35;54;65;92;132;18;28;44;16;25;40;134;186;259;612;783;1001
15.11.2022;16.11.2022;28;31;35;41;45;50;259;278;299;99;107;117;62;68;75;93;101;110;36;40;45;18;20;22;181;196;212;845;887;930
15.11.2022;17.11.2022;27;31;36;39;44;51;246;272;301;93;104;117;59;67;76;83;94;105;35;41;47;17;20;23;173;193;215;811;866;925
15.11.2022;18.11.2022;25;30;37;37;44;52;236;267;301;88;102;117;57;66;78;78;90;104;34;41;49;16;19;24;168;191;217;787;851;920
15.11.2022;19.11.2022;24;30;37;35;43;53;229;264;304;84;99;117;54;66;79;75;89;105;33;41;50;15;19;24;162;189;221;763;840;924
15.11.2022;20.11.2022;24;30;37;35;42;52;224;260;302;82;97;115;54;65;78;76;90;107;33;40;49;15;19;24;161;188;219;746;831;926
15.11.2022;21.11.2022;24;29;36;34;42;51;221;255;295;80;95;112;53;64;77;75;89;106;32;39;48;15;19;24;159;186;218;734;818;911
15.11.2022;22.11.2022;23;29;38;33;41;52;213;252;298;76;92;112;51;63;79;72;87;106;29;38;48;14;19;25;156;185;220;716;807;910
15.11.2022;23.11.2022;21;29;39;31;41;54;207;250;301;73;91;112;49;63;80;66;82;102;28;37;49;14;19;26;151;184;225;688;795;918
15.11.2022;24.11.2022;21;29;38;31;40;53;201;246;302;71;89;111;48;62;79;62;78;98;28;37;49;14;19;26;148;184;228;666;784;921
15.11.2022;25.11.2022;21;28;39;30;40;53;193;242;304;67;87;113;46;61;81;58;75;97;28;38;51;13;19;26;144;184;233;650;774;921
15.11.2022;26.11.2022;20;28;39;29;40;54;188;240;307;65;85;113;45;61;81;57;75;99;28;38;52;13;19;26;142;183;237;642;769;920
15.11.2022;27.11.2022;20;28;39;29;39;54;184;238;308;63;84;111;44;60;81;57;75;99;27;37;52;13;19;26;140;183;240;626;763;931
15.11.2022;28.11.2022;19;28;40;27;39;55;179;234;307;61;83;112;43;59;82;55;75;102;26;37;52;13;19;27;138;184;243;610;757;939
15.11.2022;29.11.2022;18;28;43;26;39;58;172;232;313;58;81;115;41;59;85;52;73;104;24;36;54;12;19;29;135;184;251;593;749;947
15.11.2022;30.11.2022;18;28;43;25;38;58;168;230;314;57;80;114;40;58;85;50;71;101;23;35;53;12;19;30;133;184;255;585;743;945
08.11.2022;09.11.2022;30;34;38;46;51;56;310;331;353;126;136;147;100;109;118;126;137;148;49;54;60;18;20;23;198;213;229;1040;1085;1132
08.11.2022;10.11.2022;29;34;39;43;49;56;294;326;361;117;131;146;97;109;122;120;134;149;47;54;62;17;20;23;189;211;235;999;1067;1139
08.11.2022;11.11.2022;28;33;40;41;48;57;287;322;360;110;126;145;94;108;125;115;131;151;45;54;63;16;19;24;184;208;236;978;1051;1129
08.11.2022;12.11.2022;27;33;41;40;48;59;280;319;364;103;121;143;91;108;128;110;129;151;44;53;65;15;19;24;177;206;239;943;1037;1142
08.11.2022;13.11.2022;27;33;41;39;48;58;273;315;363;99;117;138;91;108;128;107;126;148;44;53;64;15;19;23;174;204;238;918;1023;1139
08.11.2022;14.11.2022;27;33;41;38;46;57;271;310;355;95;113;133;91;108;129;105;124;146;43;53;64;14;18;23;172;201;236;903;1006;1121
08.11.2022;15.11.2022;26;33;42;35;44;56;262;307;360;90;109;131;89;108;131;101;121;146;42;53;66;13;18;23;167;199;237;880;992;1118
08.11.2022;16.11.2022;24;33;44;32;42;55;254;304;364;85;105;128;87;108;134;97;119;146;40;52;68;13;17;24;163;197;239;841;977;1135
08.11.2022;17.11.2022;24;33;44;31;41;53;245;299;365;81;101;126;86;108;136;94;117;146;40;52;68;12;17;23;158;195;240;828;962;1118
08.11.2022;18.11.2022;24;33;44;30;40;53;238;295;366;76;97;125;83;108;140;90;115;146;39;52;69;12;17;23;152;193;244;802;949;1123
08.11.2022;19.11.2022;23;32;45;30;40;54;230;293;372;72;94;122;82;108;142;86;112;146;39;52;71;11;16;23;147;190;246;784;938;1124
08.11.2022;20.11.2022;23;32;45;29;40;54;225;289;372;69;91;119;82;108;143;84;110;145;38;52;71;11;16;22;145;188;245;760;926;1129
08.11.2022;21.11.2022;22;32;46;27;38;54;218;284;370;65;87;117;80;108;147;81;108;145;37;52;73;11;15;23;140;186;247;736;913;1133
08.11.2022;22.11.2022;21;32;49;24;36;54;211;282;377;61;84;117;77;108;153;77;106;147;35;52;78;10;15;24;135;184;251;700;901;1159
08.11.2022;23.11.2022;21;32;49;23;34;51;205;279;379;58;82;114;77;108;154;75;105;146;35;53;78;9;15;24;132;182;252;696;889;1137
02.11.2022;03.11.2022;44;48;53;77;84;91;346;368;390;171;185;200;108;118;128;174;188;203;64;70;77;24;26;29;467;493;520;1524;1580;1638
02.11.2022;04.11.2022;42;48;55;72;82;92;333;367;404;160;178;198;104;117;131;167;186;207;60;68;77;22;26;30;448;487;530;1476;1558;1645
02.11.2022;05.11.2022;40;47;56;69;80;93;330;367;409;151;172;195;101;116;133;161;184;209;56;66;77;20;25;31;440;481;527;1431;1538;1653
02.11.2022;06.11.2022;38;47;57;66;78;93;321;365;414;141;165;193;97;115;136;156;182;213;53;64;77;20;24;30;426;475;529;1368;1515;1677
02.11.2022;07.11.2022;38;46;56;64;77;91;316;362;415;136;159;186;97;115;135;154;180;211;51;62;74;19;24;30;415;468;528;1324;1492;1683
02.11.2022;08.11.2022;38;46;56;63;75;90;319;363;413;131;153;179;96;114;135;152;178;208;50;60;72;19;23;29;412;461;517;1322;1473;1641
02.11.2022;09.11.2022;36;45;57;60;74;90;311;362;420;124;148;176;93;113;137;148;176;209;47;58;72;17;23;30;399;455;519;1289;1453;1638
02.11.2022;10.11.2022;34;45;59;57;72;91;302;359;426;117;143;174;91;112;139;142;173;211;44;56;72;16;22;30;386;449;522;1254;1431;1633
02.11.2022;11.11.2022;34;44;58;56;71;90;295;358;434;111;138;171;90;112;140;137;170;211;43;55;70;16;22;30;372;443;529;1223;1413;1632
02.11.2022;12.11.2022;33;44;59;54;70;91;291;359;442;105;133;169;86;111;143;132;168;214;40;53;70;15;21;29;363;438;527;1181;1397;1653
02.11.2022;13.11.2022;32;44;59;52;69;91;283;357;449;99;128;166;84;111;145;129;167;216;39;52;69;15;21;29;351;432;533;1132;1380;1682
02.11.2022;14.11.2022;32;43;59;51;68;91;277;354;453;95;124;162;84;110;145;126;165;216;37;50;68;14;20;29;342;427;533;1105;1363;1681
02.11.2022;15.11.2022;30;43;60;49;67;92;274;355;460;90;120;159;81;110;148;123;163;216;36;49;68;14;20;29;332;422;537;1087;1349;1674
02.11.2022;16.11.2022;28;42;63;46;66;94;267;355;470;85;116;159;78;109;153;118;161;219;33;48;69;13;20;31;320;417;543;1048;1334;1699
02.11.2022;17.11.2022;28;42;63;45;65;94;261;352;475;81;112;155;77;109;154;114;158;219;32;47;68;12;19;31;311;412;547;1030;1317;1685
25.10.2022;26.10.2022;52;57;63;127;137;148;382;406;431;258;277;298;139;150;162;254;273;294;87;95;103;38;42;47;508;536;566;1904;1974;2046
25.10.2022;27.10.2022;50;57;65;119;133;148;362;399;439;246;272;301;132;147;163;243;269;298;82;92;104;35;41;47;490;533;579;1829;1942;2062
25.10.2022;28.10.2022;47;56;66;112;129;148;355;393;435;235;264;298;126;144;164;235;265;299;77;88;102;33;39;47;482;528;578;1763;1906;2061
25.10.2022;29.10.2022;45;55;67;106;125;147;344;387;437;221;255;294;120;141;165;225;260;300;71;85;101;31;37;46;473;523;580;1697;1868;2057
25.10.2022;30.10.2022;45;54;66;103;121;142;334;381;435;211;245;285;117;138;162;219;255;296;68;81;96;29;36;44;459;518;584;1662;1829;2013
25.10.2022;31.10.2022;44;54;65;99;117;138;331;375;425;203;235;271;115;135;159;216;250;288;65;77;92;28;34;42;457;513;574;1635;1789;1958
25.10.2022;01.11.2022;42;53;66;94;113;137;319;368;425;190;224;265;110;132;159;207;245;289;61;74;90;26;33;42;447;506;574;1589;1749;1925
25.10.2022;02.11.2022;40;52;67;89;110;134;308;362;425;178;214;258;106;130;159;199;240;288;57;71;88;24;32;42;431;501;582;1534;1709;1904
25.10.2022;03.11.2022;39;51;66;85;106;133;295;355;428;166;203;249;102;127;158;191;234;287;54;68;85;23;30;40;415;494;588;1472;1670;1894
25.10.2022;04.11.2022;38;50;67;80;103;132;286;349;425;154;193;242;97;125;159;183;229;288;50;65;84;22;29;39;408;488;584;1412;1630;1883
25.10.2022;05.11.2022;36;49;67;77;100;130;274;342;427;143;182;233;94;122;159;175;224;287;47;62;82;20;28;38;393;482;591;1345;1591;1883
25.10.2022;06.11.2022;36;48;66;74;97;127;264;336;427;133;172;223;92;120;157;169;219;284;45;59;79;19;27;37;383;475;590;1313;1553;1837
25.10.2022;07.11.2022;34;47;67;70;94;126;256;329;424;123;162;212;88;118;157;163;214;281;42;57;77;18;26;37;371;469;593;1279;1516;1796
25.10.2022;08.11.2022;32;47;69;66;91;126;245;323;426;112;151;204;84;116;160;155;209;283;38;54;77;16;25;37;360;463;596;1221;1479;1792
25.10.2022;09.11.2022;31;46;68;63;88;123;236;317;425;103;141;193;82;114;158;150;205;280;37;52;74;16;24;36;347;457;602;1170;1443;1780
18.10.2022;19.10.2022;72;79;86;173;188;203;440;464;490;351;373;396;170;184;199;272;291;313;148;160;173;70;77;84;567;595;624;2325;2410;2499
18.10.2022;20.10.2022;69;78;89;169;188;210;425;465;509;336;370;407;165;184;205;264;292;323;142;158;176;68;77;87;555;600;649;2286;2412;2546
18.10.2022;21.10.2022;66;78;91;166;190;216;422;465;511;330;367;409;161;183;209;259;292;330;137;156;178;66;77;90;555;603;656;2244;2411;2591
18.10.2022;22.10.2022;64;77;92;163;190;222;414;464;520;321;364;413;156;182;213;253;290;333;131;154;181;64;77;92;551;607;668;2210;2406;2619
18.10.2022;23.10.2022;64;76;92;163;190;222;408;463;525;316;361;413;155;181;211;247;287;333;129;151;178;64;76;92;543;609;682;2189;2395;2620
18.10.2022;24.10.2022;63;76;91;163;191;223;409;461;519;314;357;406;154;179;210;246;284;328;126;149;175;63;76;91;548;611;681;2205;2383;2577
18.10.2022;25.10.2022;61;75;93;159;190;226;400;459;526;304;353;410;149;178;213;238;281;332;122;146;175;61;75;93;543;612;690;2164;2368;2591
18.10.2022;26.10.2022;59;74;94;156;190;231;390;456;533;294;349;413;145;176;215;231;278;334;118;143;175;58;75;95;530;612;707;2112;2353;2621
18.10.2022;27.10.2022;58;73;94;152;188;234;378;453;542;284;344;417;141;175;217;224;274;337;113;141;175;58;74;94;517;612;724;2070;2334;2632
18.10.2022;28.10.2022;55;73;95;148;188;239;371;449;544;276;339;417;136;173;220;217;271;339;108;138;177;56;73;96;514;611;728;2017;2316;2659
18.10.2022;29.10.2022;54;72;96;144;187;241;359;445;553;266;335;422;132;171;221;209;268;343;104;136;176;54;72;97;501;610;743;1964;2296;2683
18.10.2022;30.10.2022;53;71;96;141;185;243;351;441;555;258;330;422;129;169;222;204;265;343;101;133;174;53;71;96;493;608;751;1935;2275;2675
18.10.2022;31.10.2022;51;71;97;139;184;244;344;437;556;252;326;421;126;168;222;200;261;342;98;130;174;51;71;97;483;606;761;1905;2254;2666
18.10.2022;01.11.2022;49;70;100;134;182;249;331;433;567;242;321;426;121;166;226;192;258;348;93;128;176;48;70;101;472;604;772;1842;2232;2704
18.10.2022;02.11.2022;48;69;100;131;181;251;322;429;572;235;317;427;119;164;227;187;255;349;90;125;175;47;69;100;462;601;783;1792;2210;2727
11.10.2022;12.10.2022;68;75;83;157;170;184;424;453;484;350;374;399;185;200;217;305;328;353;192;207;224;70;77;86;559;594;631;2363;2479;2601
11.10.2022;13.10.2022;66;76;87;155;174;195;422;462;506;344;379;417;184;205;228;300;332;368;192;214;238;69;79;91;562;611;665;2370;2532;2704
11.10.2022;14.10.2022;64;76;91;155;178;205;421;471;528;342;386;435;182;209;240;298;338;383;191;219;251;68;81;96;565;629;701;2380;2588;2815
11.10.2022;15.10.2022;62;77;95;153;182;217;419;481;553;338;390;451;180;213;251;296;344;400;190;225;266;67;83;102;571;648;735;2401;2643;2910
11.10.2022;16.10.2022;63;78;96;155;186;223;425;491;567;339;394;458;182;216;257;300;350;409;193;229;273;68;84;103;584;666;760;2448;2695;2967
11.10.2022;17.10.2022;63;78;97;158;190;228;436;500;574;344;397;459;184;219;261;306;355;413;197;234;279;68;85;106;600;684;781;2478;2744;3039
11.10.2022;18.10.2022;63;79;99;159;193;234;443;508;583;346;400;462;185;222;267;310;360;418;199;239;286;69;86;108;612;702;806;2488;2788;3125
11.10.2022;19.10.2022;61;79;103;158;196;245;438;515;606;340;402;475;182;225;278;305;363;432;197;243;299;67;87;113;612;719;846;2465;2830;3249
11.10.2022;20.10.2022;60;79;105;155;199;254;433;522;628;333;404;489;179;227;288;301;367;447;196;247;312;66;88;116;611;736;886;2468;2868;3332
11.10.2022;21.10.2022;58;79;109;154;201;264;432;527;643;330;405;497;177;229;297;297;369;458;194;251;324;64;88;120;617;752;917;2469;2903;3413
11.10.2022;22.10.2022;56;80;114;150;203;275;429;532;660;324;407;511;174;231;307;292;371;471;192;254;337;62;88;126;626;768;942;2509;2935;3432
11.10.2022;23.10.2022;56;80;114;151;205;279;427;536;673;321;408;519;173;232;312;292;373;477;192;257;345;62;89;126;627;783;978;2475;2963;3548
11.10.2022;24.10.2022;56;80;114;152;207;282;427;539;681;322;409;521;173;233;314;293;374;478;194;260;349;62;89;126;629;798;1012;2438;2990;3666
11.10.2022;25.10.2022;55;80;116;150;208;288;424;542;693;319;411;528;171;234;320;290;375;485;193;263;359;61;88;128;629;812;1048;2399;3013;3785
11.10.2022;26.10.2022;53;80;121;146;209;299;415;544;713;314;412;540;167;235;330;284;376;498;190;266;371;59;88;133;624;825;1091;2359;3034;3904
04.10.2022;05.10.2022;52;58;65;118;129;141;300;322;346;298;320;344;144;156;170;247;265;285;128;139;151;54;60;67;357;381;407;1735;1831;1933
04.10.2022;06.10.2022;51;60;69;119;134;151;301;334;369;301;333;369;143;160;180;244;270;299;127;143;161;54;62;72;355;391;431;1745;1887;2040
04.10.2022;07.10.2022;51;61;73;119;138;161;305;346;393;308;349;396;142;165;190;243;277;316;127;147;170;54;65;78;356;402;453;1782;1950;2133
04.10.2022;08.10.2022;50;62;78;118;142;172;309;360;418;313;365;424;141;169;202;244;287;338;126;152;182;54;67;84;357;412;476;1788;2017;2274
04.10.2022;09.10.2022;51;64;80;122;148;178;319;373;436;326;381;445;145;174;208;252;297;350;130;157;189;56;69;87;364;422;491;1849;2085;2350
04.10.2022;10.10.2022;52;65;82;126;153;186;331;387;452;339;397;464;148;179;215;261;307;361;133;161;196;57;72;90;375;433;500;1933;2153;2399
04.10.2022;11.10.2022;52;67;85;130;159;195;343;400;468;353;413;483;151;183;223;267;316;373;136;166;203;58;74;94;383;443;511;1993;2221;2474
04.10.2022;12.10.2022;51;68;90;130;164;207;346;414;495;359;429;514;151;188;235;267;324;393;136;171;215;58;76;100;383;453;535;1992;2287;2625
04.10.2022;13.10.2022;51;69;93;130;168;218;348;427;523;363;446;546;150;193;248;267;332;412;136;176;227;58;79;106;382;462;560;2000;2352;2765
04.10.2022;14.10.2022;50;70;98;130;173;229;354;440;546;372;462;574;150;198;260;268;339;429;136;180;239;58;81;112;385;472;579;2029;2414;2873
04.10.2022;15.10.2022;49;71;104;128;177;244;355;452;575;376;478;608;149;202;274;267;346;448;135;185;253;57;83;120;383;481;605;2030;2475;3017
04.10.2022;16.10.2022;50;72;105;131;181;251;360;464;597;384;494;635;151;206;282;269;352;461;137;189;260;59;85;123;386;491;624;2042;2534;3145
04.10.2022;17.10.2022;51;73;106;134;186;259;369;475;611;396;509;655;153;211;289;273;357;468;140;193;266;61;87;125;393;499;635;2113;2591;3178
04.10.2022;18.10.2022;50;74;110;135;191;270;373;486;632;403;525;683;153;214;300;273;362;480;140;197;276;60;89;131;395;508;653;2145;2646;3264
04.10.2022;19.10.2022;49;75;115;133;195;286;373;496;658;406;539;716;151;218;314;271;366;495;138;201;292;59;91;139;394;516;676;2121;2696;3428
27.09.2022;28.09.2022;52;57;64;72;79;88;199;215;232;167;180;195;93;102;112;143;155;169;87;96;105;29;32;37;292;314;337;1166;1231;1299
27.09.2022;29.09.2022;50;58;67;70;81;92;193;215;240;164;184;206;91;103;117;140;157;176;86;98;112;28;33;39;282;313;346;1142;1242;1350
27.09.2022;30.09.2022;48;58;70;69;82;97;191;218;248;164;188;216;90;105;123;139;161;186;86;101;118;28;34;42;277;314;356;1131;1260;1403
27.09.2022;01.10.2022;47;58;73;68;83;102;187;221;261;162;193;229;87;106;129;138;165;197;84;103;126;27;35;45;274;318;369;1117;1282;1472
27.09.2022;02.10.2022;47;59;74;69;84;104;190;225;266;166;198;236;88;108;131;141;169;202;86;105;129;28;36;46;276;322;377;1137;1305;1499
27.09.2022;03.10.2022;47;59;75;69;86;107;192;228;272;169;203;243;89;109;134;144;173;209;88;108;133;28;36;47;280;327;381;1172;1329;1508
27.09.2022;04.10.2022;47;60;76;70;88;109;194;232;278;172;207;251;89;110;136;146;177;216;89;110;136;28;37;49;284;331;386;1199;1353;1527
27.09.2022;05.10.2022;46;60;79;69;89;115;192;236;289;171;212;264;87;112;143;145;182;227;88;112;144;28;38;52;281;335;401;1185;1377;1600
27.09.2022;06.10.2022;45;61;82;69;91;120;191;239;301;170;217;277;86;113;148;145;186;239;88;115;150;28;39;54;278;340;415;1177;1400;1666
27.09.2022;07.10.2022;44;62;85;68;92;126;189;243;312;170;222;290;85;114;154;145;190;250;87;117;158;28;40;57;277;343;426;1181;1423;1714
27.09.2022;08.10.2022;43;62;90;66;94;133;186;246;326;168;227;305;82;115;161;144;195;265;85;119;167;27;40;60;273;347;441;1171;1445;1785
27.09.2022;09.10.2022;43;63;91;67;95;135;187;249;332;171;231;313;83;116;163;146;200;273;86;121;171;27;41;62;273;351;450;1168;1468;1843
27.09.2022;10.10.2022;44;64;91;68;97;137;189;252;336;174;236;319;84;117;164;149;205;281;88;124;173;28;42;62;276;354;455;1193;1490;1860
27.09.2022;11.10.2022;44;64;95;68;99;142;188;255;346;174;240;331;83;118;169;150;210;293;88;126;180;28;42;64;275;358;465;1210;1512;1890
27.09.2022;12.10.2022;43;65;100;67;100;151;186;258;359;172;244;347;81;119;176;150;216;310;86;127;189;27;43;68;272;361;479;1200;1535;1963
20.09.2022;21.09.2022;32;36;40;54;59;66;152;165;179;125;136;147;69;76;84;95;104;114;67;75;82;22;25;29;239;257;276;878;933;990
20.09.2022;22.09.2022;30;35;41;51;59;68;147;165;185;123;138;156;66;76;87;91;104;118;66;75;86;21;25;30;232;257;284;854;934;1022
20.09.2022;23.09.2022;28;35;42;49;59;70;144;166;191;122;142;164;64;76;90;90;105;123;64;77;91;20;25;31;226;257;294;845;941;1048
20.09.2022;24.09.2022;27;34;44;47;59;73;140;167;199;121;145;175;61;76;93;88;107;130;63;78;96;19;25;33;220;258;304;831;948;1082
20.09.2022;25.09.2022;26;34;43;47;58;73;140;168;201;123;149;179;61;75;93;89;108;132;64;79;97;19;25;33;220;259;306;837;956;1090
20.09.2022;26.09.2022;26;33;43;46;58;73;140;168;202;126;152;184;61;75;94;90;110;134;64;80;100;19;25;33;222;261;306;839;963;1105
20.09.2022;27.09.2022;25;33;43;46;58;73;140;169;205;127;156;191;60;75;94;90;111;137;65;81;101;19;25;34;221;262;310;840;970;1121
20.09.2022;28.09.2022;24;32;44;44;58;76;137;170;212;126;159;201;58;75;97;88;112;143;63;82;106;18;25;35;217;263;319;822;978;1164
20.09.2022;29.09.2022;23;32;44;43;58;78;134;171;219;126;163;210;57;75;99;87;114;148;63;83;110;18;25;36;213;265;329;813;985;1194
20.09.2022;30.09.2022;22;32;45;42;58;80;131;172;225;125;166;220;55;75;102;85;115;155;61;84;115;18;25;37;210;266;338;810;993;1218
20.09.2022;01.10.2022;21;31;46;40;58;83;128;173;234;124;170;233;52;75;106;83;116;162;59;85;121;17;26;39;206;268;348;801;1001;1249
20.09.2022;02.10.2022;21;31;46;40;58;84;127;174;237;126;173;239;52;74;106;84;117;164;60;86;122;17;26;39;206;270;353;784;1008;1297
20.09.2022;03.10.2022;21;30;45;41;58;83;128;175;238;128;177;244;52;74;105;85;119;166;61;86;123;17;26;39;207;272;356;767;1016;1347
20.09.2022;04.10.2022;20;30;45;40;58;85;126;175;244;128;180;253;51;74;107;84;120;171;60;87;126;17;26;40;206;274;363;758;1024;1383
20.09.2022;05.10.2022;19;30;47;38;58;89;123;176;252;126;184;267;49;74;111;82;121;179;58;88;132;16;26;41;204;276;373;737;1032;1445
13.09.2022;14.09.2022;30;33;38;49;54;60;156;168;182;101;111;122;73;80;88;77;84;93;47;52;58;25;29;33;240;258;277;820;871;925
13.09.2022;15.09.2022;28;33;39;45;52;61;149;167;187;98;110;125;71;81;92;74;85;97;45;52;60;24;29;35;229;253;280;788;863;944
13.09.2022;16.09.2022;26;32;40;42;51;61;145;167;191;95;111;129;69;81;96;71;84;99;43;51;62;24;29;36;220;251;286;770;858;955
13.09.2022;17.09.2022;25;32;41;39;49;62;140;166;198;92;111;135;67;82;100;68;83;102;41;51;64;23;30;38;212;250;293;753;854;969
13.09.2022;18.09.2022;25;31;40;39;48;60;139;166;199;92;112;136;67;82;101;67;82;101;41;51;64;23;30;38;211;248;292;746;851;971
13.09.2022;19.09.2022;24;31;40;37;47;59;139;166;199;92;112;137;66;83;102;66;82;101;40;51;64;23;30;39;210;247;291;739;848;974
13.09.2022;20.09.2022;23;30;40;36;46;58;137;166;201;92;113;139;66;83;104;65;81;101;39;50;64;23;30;40;208;246;291;732;846;977
13.09.2022;21.09.2022;22;30;41;33;44;58;134;166;207;89;113;144;65;84;107;62;80;103;38;50;66;22;30;42;203;245;297;708;843;1003
13.09.2022;22.09.2022;21;30;41;32;42;57;130;166;213;88;114;148;64;84;111;61;80;105;37;50;67;21;30;43;197;244;302;693;840;1017
13.09.2022;23.09.2022;20;29;41;30;41;57;127;166;218;85;115;154;62;85;115;58;79;107;35;49;69;21;30;44;192;242;306;682;837;1026
13.09.2022;24.09.2022;19;29;43;28;40;58;123;167;225;83;115;160;60;85;120;56;78;111;34;49;71;20;30;46;186;241;312;668;834;1042
13.09.2022;25.09.2022;19;28;42;27;39;57;123;167;226;83;116;161;60;86;121;55;78;110;34;49;71;20;31;46;183;239;313;647;832;1070
13.09.2022;26.09.2022;19;28;41;27;38;55;123;167;227;83;116;163;61;86;122;55;78;110;34;49;70;21;31;46;182;238;311;626;830;1100
13.09.2022;27.09.2022;18;27;41;25;37;55;121;167;231;82;117;166;60;87;125;54;77;111;33;48;71;20;31;47;178;236;313;609;827;1123
13.09.2022;28.09.2022;17;27;42;23;36;55;117;167;238;80;117;173;58;87;131;51;77;114;31;48;74;19;31;49;174;235;316;586;825;1161
06.09.2022;07.09.2022;35;40;45;69;76;84;145;158;171;88;96;106;64;71;78;96;105;114;54;60;67;9;11;12;241;259;278;824;875;929
06.09.2022;08.09.2022;34;40;47;65;74;85;138;155;174;84;95;108;61;70;80;91;104;118;52;60;69;9;11;13;229;254;281;788;863;944
06.09.2022;09.09.2022;32;39;48;61;73;86;132;153;176;81;95;111;59;70;83;88;103;120;49;59;71;8;11;14;219;249;284;764;851;948
06.09.2022;10.09.2022;31;39;50;58;72;88;127;151;179;77;94;115;56;69;86;84;102;124;47;58;73;8;11;14;208;244;287;741;840;953
06.09.2022;11.09.2022;31;39;49;58;71;88;124;148;178;76;93;113;56;69;85;84;102;124;46;58;72;8;10;14;204;240;282;728;831;948
06.09.2022;12.09.2022;30;39;49;57;71;88;122;146;176;75;92;113;55;69;86;83;102;124;46;57;72;8;10;14;200;235;277;715;821;942
06.09.2022;13.09.2022;30;38;50;56;70;87;119;144;175;74;91;112;54;68;86;82;102;125;45;57;72;8;10;14;196;231;273;702;811;937
06.09.2022;14.09.2022;28;38;51;53;68;88;114;142;178;70;90;115;52;68;88;79;101;129;43;56;74;7;10;15;188;227;275;673;801;954
06.09.2022;15.09.2022;28;38;52;50;66;88;110;140;179;68;89;116;51;67;89;77;101;132;42;56;75;7;10;15;181;224;278;653;792;959
06.09.2022;16.09.2022;27;38;53;48;65;89;106;138;181;65;88;118;49;67;92;75;101;136;40;55;76;7;10;15;175;221;279;638;783;960
06.09.2022;17.09.2022;25;37;55;45;64;92;101;136;185;62;87;121;47;67;95;72;101;140;38;55;79;6;10;16;168;218;281;620;775;967
06.09.2022;18.09.2022;25;37;55;45;64;91;99;135;184;61;86;120;47;66;94;72;100;140;38;54;78;6;10;16;164;215;281;596;767;987
06.09.2022;19.09.2022;25;37;54;45;64;90;97;133;181;60;85;119;46;66;94;72;100;140;37;53;77;6;10;15;162;212;277;573;760;1007
06.09.2022;20.09.2022;25;37;55;43;63;90;94;131;182;59;84;119;45;66;95;70;100;143;36;53;78;6;10;16;158;209;277;554;752;1021
06.09.2022;21.09.2022;23;36;57;41;61;92;90;129;185;56;83;122;43;65;99;68;100;148;34;52;80;6;10;16;153;207;279;528;744;1047
30.08.2022;31.08.2022;41;46;51;94;103;112;196;211;229;94;103;113;61;67;75;94;103;113;54;59;66;11;13;15;326;348;372;993;1054;1119
30.08.2022;01.09.2022;39;46;53;90;102;116;186;208;231;90;102;116;58;67;77;90;102;116;51;59;68;10;13;15;315;347;381;955;1045;1143
30.08.2022;02.09.2022;38;46;55;87;101;119;181;207;236;87;102;119;56;66;79;87;102;119;48;58;69;10;12;16;304;343;386;930;1037;1155
30.08.2022;03.09.2022;36;46;58;83;101;123;174;206;243;83;101;123;53;66;81;83;101;123;46;57;71;9;12;16;294;341;395;898;1031;1183
30.08.2022;04.09.2022;36;46;58;84;102;124;173;204;242;83;101;123;53;65;80;82;100;122;45;57;71;9;12;16;291;338;393;894;1025;1175
30.08.2022;05.09.2022;36;46;58;84;103;127;171;203;241;82;100;123;52;64;81;81;99;121;44;56;70;9;12;16;289;335;389;892;1018;1162
30.08.2022;06.09.2022;35;46;59;84;104;129;169;202;241;81;100;123;51;64;80;80;98;121;44;55;70;8;12;16;287;333;386;888;1013;1156
30.08.2022;07.09.2022;34;46;61;82;104;133;163;200;245;78;100;127;49;63;83;77;98;125;42;54;71;8;11;16;278;330;392;856;1007;1184
30.08.2022;08.09.2022;34;46;62;79;103;135;158;199;250;76;99;130;47;63;83;74;97;127;40;54;72;8;11;17;269;327;398;835;999;1196
30.08.2022;09.09.2022;33;46;64;76;103;138;154;198;254;74;99;133;45;62;86;71;96;130;38;53;73;8;11;17;263;325;401;818;993;1205
30.08.2022;10.09.2022;31;46;67;73;103;143;148;196;260;71;99;138;43;62;89;68;96;133;36;52;76;7;11;18;257;322;405;795;987;1225
30.08.2022;11.09.2022;31;46;67;74;103;144;146;195;260;71;99;138;43;61;88;68;95;132;36;52;75;7;11;17;251;320;406;772;981;1248
30.08.2022;12.09.2022;32;46;66;75;104;146;145;194;258;71;99;138;43;61;87;67;94;132;36;51;73;7;11;17;250;317;403;759;977;1257
30.08.2022;13.09.2022;31;46;68;74;105;149;142;193;261;69;99;141;42;60;88;66;94;133;34;51;74;7;11;17;245;315;405;747;972;1266
30.08.2022;14.09.2022;30;46;71;71;105;155;138;191;266;67;99;146;40;60;91;63;93;137;33;50;76;7;11;18;237;312;411;725;966;1289
28.02.2023;01.03.2023;56;62;68;74;81;88;359;381;405;243;261;280;78;85;93;222;239;257;89;97;105;40;44;49;245;263;283;1459;1513;1568
28.02.2023;02.03.2023;56;64;73;73;83;94;355;391;430;242;268;298;76;86;97;221;247;275;87;98;111;39;45;52;244;270;299;1470;1552;1638
28.02.2023;03.03.2023;55;65;76;72;84;98;355;396;441;241;272;307;74;86;101;223;252;286;85;99;114;38;46;55;243;274;309;1473;1574;1681
28.02.2023;04.03.2023;54;66;80;70;84;101;352;400;453;239;276;319;72;87;103;222;258;299;83;99;118;38;47;57;240;277;320;1447;1593;1753
28.02.2023;05.03.2023;55;67;81;71;85;102;353;404;462;241;280;326;73;87;104;226;263;306;84;99;118;38;47;58;241;280;325;1430;1613;1818
28.02.2023;06.03.2023;56;68;82;71;86;104;359;408;463;245;285;331;72;87;105;231;268;312;84;100;119;39;48;59;244;283;329;1465;1632;1818
28.02.2023;07.03.2023;55;69;86;70;87;107;354;411;477;244;288;341;71;87;107;230;273;325;82;100;122;38;48;61;241;286;338;1462;1648;1859
28.02.2023;08.03.2023;54;70;90;69;87;110;349;414;491;241;292;354;69;87;110;229;278;337;80;100;125;37;48;64;238;288;349;1442;1665;1923
28.02.2023;09.03.2023;55;70;91;69;88;112;344;417;505;240;296;365;69;88;111;229;283;349;79;99;125;37;49;65;235;290;358;1446;1680;1952
28.02.2023;10.03.2023;54;71;94;68;89;116;341;419;515;238;299;376;67;88;115;227;287;362;76;99;128;36;49;66;233;292;367;1423;1693;2015
28.02.2023;11.03.2023;53;72;97;67;89;119;334;421;530;235;303;389;66;88;117;226;291;375;75;99;130;36;49;68;229;294;379;1391;1706;2092
28.02.2023;12.03.2023;53;73;98;67;90;120;330;422;540;235;306;398;66;88;118;226;295;384;74;98;131;36;50;69;227;296;385;1383;1717;2131
28.02.2023;13.03.2023;52;73;102;65;90;124;327;424;548;234;309;407;64;88;121;226;298;393;72;98;133;35;50;71;226;298;392;1383;1727;2156
28.02.2023;14.03.2023;50;74;108;63;90;129;320;424;563;230;311;421;62;88;126;222;302;410;69;97;138;33;50;76;221;299;403;1341;1736;2247
28.02.2023;15.03.2023;50;74;109;63;90;130;315;425;574;228;314;431;61;88;127;222;305;419;68;97;138;33;50;76;218;300;412;1347;1744;2257
07.03.2023;08.03.2023;63;69;76;67;73;80;296;317;338;216;232;250;77;84;92;177;192;207;81;88;96;28;31;34;215;231;249;1263;1318;1374
07.03.2023;09.03.2023;62;70;79;64;73;83;284;314;348;206;230;256;74;84;95;172;192;214;78;88;99;26;31;35;206;229;255;1233;1310;1391
07.03.2023;10.03.2023;60;70;82;62;73;85;278;312;349;200;227;257;71;83;97;168;192;219;75;87;101;25;30;36;200;227;257;1216;1299;1388
07.03.2023;11.03.2023;58;70;84;60;72;87;270;310;356;193;224;260;69;83;99;164;192;224;71;85;101;24;30;36;193;224;260;1170;1288;1418
07.03.2023;12.03.2023;58;70;84;60;72;87;267;308;356;189;221;258;69;82;98;163;191;223;70;83;99;23;29;36;189;221;258;1140;1278;1432
07.03.2023;13.03.2023;58;70;84;59;72;86;266;306;351;187;218;253;68;82;98;163;190;223;68;82;98;23;29;35;187;218;253;1135;1265;1409
07.03.2023;14.03.2023;56;70;86;57;71;88;258;303;356;180;214;255;66;81;100;159;190;226;65;80;98;22;28;36;180;214;255;1109;1251;1410
07.03.2023;15.03.2023;54;69;89;55;71;90;250;300;359;174;211;256;64;81;102;155;189;230;62;78;99;20;28;37;174;211;256;1064;1237;1437
07.03.2023;16.03.2023;54;69;88;55;70;89;243;297;362;168;207;256;63;80;101;151;187;233;61;77;97;20;27;36;168;208;256;1058;1222;1411
07.03.2023;17.03.2023;52;68;90;53;69;91;236;293;365;161;204;258;61;79;104;146;186;237;58;75;98;19;27;36;162;204;258;1020;1207;1427
07.03.2023;18.03.2023;51;68;91;51;69;92;228;290;369;155;200;259;59;79;105;143;185;239;55;73;97;19;26;36;156;201;260;978;1192;1453
07.03.2023;19.03.2023;50;67;91;51;68;92;223;287;370;151;197;256;58;78;105;140;183;240;54;72;96;18;26;36;152;198;258;953;1176;1451
07.03.2023;20.03.2023;48;67;93;49;68;93;217;284;370;147;193;255;57;78;106;137;182;241;51;70;96;17;25;36;148;195;257;930;1161;1450
07.03.2023;21.03.2023;46;66;96;46;67;97;209;280;376;140;190;258;54;77;110;132;181;247;48;69;98;16;25;38;141;192;260;880;1146;1492
07.03.2023;22.03.2023;45;66;96;46;66;97;204;277;377;135;186;256;53;76;110;129;179;247;47;67;96;16;24;38;137;189;259;874;1131;1464
