KW;BUNDESLAND;STATION;COVID;INFLUENZA;RSV;PNEUMOKOKKEN;SONSTIGE;AUFNAHMEN
19. KW 2023;BGL;I;0;0;0;0;0;0
19. KW 2023;BGL;N;4;0;0;0;38;41
19. KW 2023;KTN;I;0;0;0;0;5;5
19. KW 2023;KTN;N;8;1;0;1;76;85
19. KW 2023;NÖ;I;0;0;0;0;3;3
19. KW 2023;NÖ;N;28;3;0;1;167;197
19. KW 2023;OÖ;I;0;0;0;1;5;5
19. KW 2023;OÖ;N;24;0;0;1;163;183
19. KW 2023;SBG;I;2;0;0;1;4;6
19. KW 2023;SBG;N;10;0;0;0;47;56
19. KW 2023;ST;I;0;0;0;1;9;10
19. KW 2023;ST;N;26;2;0;4;157;188
19. KW 2023;T;I;0;0;0;0;10;10
19. KW 2023;T;N;12;2;0;4;113;131
19. KW 2023;V;I;0;0;0;0;5;5
19. KW 2023;V;N;9;0;0;3;39;48
19. KW 2023;W;I;3;0;0;0;8;11
19. KW 2023;W;N;43;0;0;2;141;184
20. KW 2023;BGL;I;0;0;0;0;2;2
20. KW 2023;BGL;N;6;0;0;1;44;48
20. KW 2023;KTN;I;0;0;0;0;1;1
20. KW 2023;KTN;N;14;0;0;2;67;81
20. KW 2023;NÖ;I;0;0;0;0;5;5
20. KW 2023;NÖ;N;18;2;1;2;159;176
20. KW 2023;OÖ;I;1;0;0;0;11;12
20. KW 2023;OÖ;N;17;0;1;5;161;183
20. KW 2023;SBG;I;0;0;0;0;4;4
20. KW 2023;SBG;N;5;0;0;2;62;67
20. KW 2023;ST;I;3;0;0;0;8;11
20. KW 2023;ST;N;26;1;0;1;153;176
20. KW 2023;T;I;0;0;0;0;1;1
20. KW 2023;T;N;10;0;0;5;89;102
20. KW 2023;V;I;1;0;0;0;3;4
20. KW 2023;V;N;3;0;0;2;34;39
20. KW 2023;W;I;2;0;0;0;12;14
20. KW 2023;W;N;41;0;1;1;131;169
21. KW 2023;BGL;I;0;0;0;0;3;3
21. KW 2023;BGL;N;8;0;0;2;33;42
21. KW 2023;KTN;I;0;0;0;0;2;2
21. KW 2023;KTN;N;16;0;1;2;84;101
21. KW 2023;NÖ;I;1;0;0;1;5;6
21. KW 2023;NÖ;N;7;1;0;2;146;155
21. KW 2023;OÖ;I;1;0;0;0;5;6
21. KW 2023;OÖ;N;15;0;1;3;157;175
21. KW 2023;SBG;I;1;0;0;0;5;6
21. KW 2023;SBG;N;6;0;0;0;49;54
21. KW 2023;ST;I;1;0;1;1;14;17
21. KW 2023;ST;N;23;0;0;4;141;167
21. KW 2023;T;I;0;0;0;0;4;4
21. KW 2023;T;N;5;1;0;2;113;121
21. KW 2023;V;I;0;0;0;0;4;4
21. KW 2023;V;N;3;0;1;2;42;47
21. KW 2023;W;I;2;0;0;1;10;12
21. KW 2023;W;N;35;0;0;2;162;194
22. KW 2023;BGL;I;1;0;0;0;2;3
22. KW 2023;BGL;N;3;0;1;0;33;36
22. KW 2023;KTN;I;1;0;0;0;0;1
22. KW 2023;KTN;N;8;0;1;0;74;83
22. KW 2023;NÖ;I;0;0;0;0;7;7
22. KW 2023;NÖ;N;7;0;0;2;157;164
22. KW 2023;OÖ;I;0;0;0;0;5;5
22. KW 2023;OÖ;N;17;0;0;4;127;147
22. KW 2023;SBG;I;0;0;0;0;3;3
22. KW 2023;SBG;N;6;0;0;2;43;51
22. KW 2023;ST;I;1;1;0;1;21;22
22. KW 2023;ST;N;17;0;0;1;139;152
22. KW 2023;T;I;0;0;0;0;8;8
22. KW 2023;T;N;2;1;1;4;84;92
22. KW 2023;V;I;0;0;0;1;2;3
22. KW 2023;V;N;5;0;0;5;39;49
22. KW 2023;W;I;0;0;0;0;11;11
22. KW 2023;W;N;25;2;0;0;131;156
23. KW 2023;BGL;I;0;0;0;0;1;1
23. KW 2023;BGL;N;4;0;0;1;31;35
23. KW 2023;KTN;I;0;0;0;1;5;6
23. KW 2023;KTN;N;2;0;0;1;76;79
23. KW 2023;NÖ;I;1;0;0;1;3;5
23. KW 2023;NÖ;N;8;0;1;3;121;131
23. KW 2023;OÖ;I;0;0;0;0;10;10
23. KW 2023;OÖ;N;15;0;0;0;146;155
23. KW 2023;SBG;I;0;0;0;0;4;4
23. KW 2023;SBG;N;4;0;0;0;45;49
23. KW 2023;ST;I;1;0;0;0;12;13
23. KW 2023;ST;N;17;0;1;3;125;143
23. KW 2023;T;I;0;0;0;0;4;4
23. KW 2023;T;N;6;0;0;0;92;96
23. KW 2023;V;I;0;0;0;0;0;0
23. KW 2023;V;N;1;0;0;0;36;37
23. KW 2023;W;I;0;0;0;1;11;12
23. KW 2023;W;N;28;2;1;4;139;170
24. KW 2023;BGL;I;0;0;0;0;2;2
24. KW 2023;BGL;N;3;0;0;0;25;28
24. KW 2023;KTN;I;0;0;0;0;2;2
24. KW 2023;KTN;N;3;0;0;0;72;74
24. KW 2023;NÖ;I;0;0;0;0;7;7
24. KW 2023;NÖ;N;8;1;0;0;119;125
24. KW 2023;OÖ;I;0;0;0;0;8;8
24. KW 2023;OÖ;N;14;0;0;5;126;144
24. KW 2023;SBG;I;0;1;0;0;3;4
24. KW 2023;SBG;N;7;0;0;0;56;62
24. KW 2023;ST;I;0;0;0;0;9;9
24. KW 2023;ST;N;9;1;0;3;136;146
24. KW 2023;T;I;0;0;0;1;3;4
24. KW 2023;T;N;4;1;0;3;77;85
24. KW 2023;V;I;0;0;0;0;2;2
24. KW 2023;V;N;0;0;0;0;28;28
24. KW 2023;W;I;1;0;0;0;9;10
24. KW 2023;W;N;27;1;0;1;144;171
25. KW 2023;BGL;I;1;0;0;0;2;2
25. KW 2023;BGL;N;2;0;0;0;28;29
25. KW 2023;KTN;I;0;0;0;0;2;2
25. KW 2023;KTN;N;3;0;0;1;66;70
25. KW 2023;NÖ;I;1;0;0;1;7;8
25. KW 2023;NÖ;N;9;1;0;2;128;140
25. KW 2023;OÖ;I;0;0;0;0;8;8
25. KW 2023;OÖ;N;10;0;0;4;114;125
25. KW 2023;SBG;I;1;0;0;1;3;5
25. KW 2023;SBG;N;6;1;0;0;51;56
25. KW 2023;ST;I;1;0;0;0;3;4
25. KW 2023;ST;N;11;0;0;3;136;146
25. KW 2023;T;I;0;0;0;0;0;0
25. KW 2023;T;N;5;0;0;2;100;106
25. KW 2023;V;I;0;0;0;0;1;1
25. KW 2023;V;N;0;0;0;3;23;26
25. KW 2023;W;I;2;0;0;1;17;20
25. KW 2023;W;N;13;0;0;1;130;143
26. KW 2023;BGL;I;0;0;0;0;1;1
26. KW 2023;BGL;N;1;0;0;0;32;33
26. KW 2023;KTN;I;0;0;0;0;3;3
26. KW 2023;KTN;N;5;0;1;1;64;69
26. KW 2023;NÖ;I;0;0;0;0;6;6
26. KW 2023;NÖ;N;10;1;0;1;130;141
26. KW 2023;OÖ;I;0;0;1;0;7;8
26. KW 2023;OÖ;N;9;0;1;1;107;114
26. KW 2023;SBG;I;0;0;0;0;3;3
26. KW 2023;SBG;N;0;0;0;2;40;40
26. KW 2023;ST;I;0;0;0;1;7;8
26. KW 2023;ST;N;8;0;1;1;148;156
26. KW 2023;T;I;0;0;0;0;5;5
26. KW 2023;T;N;2;0;0;0;84;86
26. KW 2023;V;I;0;0;0;0;3;3
26. KW 2023;V;N;0;0;0;2;23;25
26. KW 2023;W;I;0;0;0;0;16;16
26. KW 2023;W;N;7;0;0;2;152;161
27. KW 2023;BGL;I;0;0;0;0;1;1
27. KW 2023;BGL;N;2;0;0;0;25;26
27. KW 2023;KTN;I;0;0;0;0;3;3
27. KW 2023;KTN;N;2;0;0;2;71;75
27. KW 2023;NÖ;I;0;0;0;0;3;3
27. KW 2023;NÖ;N;13;0;0;1;132;142
27. KW 2023;OÖ;I;1;0;0;0;7;8
27. KW 2023;OÖ;N;10;0;1;2;131;142
27. KW 2023;SBG;I;0;0;0;0;2;2
27. KW 2023;SBG;N;6;0;0;1;38;44
27. KW 2023;ST;I;1;0;0;1;10;11
27. KW 2023;ST;N;4;0;0;1;109;114
27. KW 2023;T;I;0;0;0;0;5;5
27. KW 2023;T;N;6;0;0;0;87;90
27. KW 2023;V;I;0;0;0;1;3;4
27. KW 2023;V;N;0;0;0;1;25;26
27. KW 2023;W;I;1;0;0;0;11;12
27. KW 2023;W;N;13;0;1;2;134;150
28. KW 2023;BGL;I;1;0;0;0;1;2
28. KW 2023;BGL;N;3;0;0;0;29;30
28. KW 2023;KTN;I;0;0;0;0;4;4
28. KW 2023;KTN;N;2;0;0;0;59;60
28. KW 2023;NÖ;I;0;0;0;0;3;3
28. KW 2023;NÖ;N;7;0;1;2;144;151
28. KW 2023;OÖ;I;0;0;0;0;6;6
28. KW 2023;OÖ;N;6;0;0;2;127;135
28. KW 2023;SBG;I;1;0;0;0;6;7
28. KW 2023;SBG;N;3;0;0;0;51;54
28. KW 2023;ST;I;0;0;0;0;6;6
28. KW 2023;ST;N;6;0;1;1;131;139
28. KW 2023;T;I;0;0;0;0;3;3
28. KW 2023;T;N;1;0;0;3;84;86
28. KW 2023;V;I;0;0;0;0;4;4
28. KW 2023;V;N;0;0;0;2;26;28
28. KW 2023;W;I;0;0;0;1;10;11
28. KW 2023;W;N;15;1;0;1;124;140
29. KW 2023;BGL;I;0;0;0;0;4;4
29. KW 2023;BGL;N;4;0;0;0;25;29
29. KW 2023;KTN;I;0;0;0;0;1;1
29. KW 2023;KTN;N;2;0;0;1;75;78
29. KW 2023;NÖ;I;0;0;0;0;7;7
29. KW 2023;NÖ;N;8;0;0;2;133;141
29. KW 2023;OÖ;I;0;0;0;0;8;8
29. KW 2023;OÖ;N;7;0;2;1;120;130
29. KW 2023;SBG;I;0;0;0;1;5;6
29. KW 2023;SBG;N;5;0;0;0;46;51
29. KW 2023;ST;I;1;0;0;0;6;7
29. KW 2023;ST;N;5;0;1;2;119;127
29. KW 2023;T;I;0;0;0;1;0;1
29. KW 2023;T;N;2;0;0;1;63;66
29. KW 2023;V;I;1;0;0;0;1;2
29. KW 2023;V;N;2;0;0;2;27;30
29. KW 2023;W;I;3;0;0;0;15;18
29. KW 2023;W;N;8;0;0;1;103;111
30. KW 2023;BGL;I;0;0;0;0;1;1
30. KW 2023;BGL;N;4;0;0;0;32;36
30. KW 2023;KTN;I;1;0;0;0;2;3
30. KW 2023;KTN;N;6;0;0;2;62;69
30. KW 2023;NÖ;I;0;0;0;0;6;6
30. KW 2023;NÖ;N;11;0;0;0;123;132
30. KW 2023;OÖ;I;0;0;0;0;14;14
30. KW 2023;OÖ;N;6;0;0;1;109;115
30. KW 2023;SBG;I;0;0;0;0;1;1
30. KW 2023;SBG;N;4;0;0;1;45;49
30. KW 2023;ST;I;0;0;0;0;6;6
30. KW 2023;ST;N;12;0;1;0;124;136
30. KW 2023;T;I;0;0;0;0;3;3
30. KW 2023;T;N;3;0;0;2;93;97
30. KW 2023;V;I;0;0;0;0;2;2
30. KW 2023;V;N;3;0;0;3;46;50
30. KW 2023;W;I;0;0;0;0;9;9
30. KW 2023;W;N;10;0;0;2;88;99
31. KW 2023;BGL;I;0;0;0;0;0;0
31. KW 2023;BGL;N;2;0;0;0;21;23
31. KW 2023;KTN;I;0;0;0;0;1;1
31. KW 2023;KTN;N;4;0;1;1;55;60
31. KW 2023;NÖ;I;0;0;0;1;3;4
31. KW 2023;NÖ;N;12;0;0;0;109;119
31. KW 2023;OÖ;I;0;0;0;1;5;6
31. KW 2023;OÖ;N;7;0;0;0;117;121
31. KW 2023;SBG;I;0;0;0;0;5;5
31. KW 2023;SBG;N;2;0;0;0;36;38
31. KW 2023;ST;I;0;0;0;0;7;7
31. KW 2023;ST;N;8;0;0;0;120;127
31. KW 2023;T;I;0;0;0;0;6;6
31. KW 2023;T;N;8;0;0;0;84;90
31. KW 2023;V;I;0;0;0;0;2;2
31. KW 2023;V;N;7;0;0;1;30;38
31. KW 2023;W;I;1;0;0;0;14;14
31. KW 2023;W;N;17;0;0;1;100;118
32. KW 2023;BGL;I;0;0;0;0;2;2
32. KW 2023;BGL;N;2;0;0;0;27;29
32. KW 2023;KTN;I;1;0;0;0;6;6
32. KW 2023;KTN;N;12;0;0;1;62;73
32. KW 2023;NÖ;I;0;0;0;0;5;5
32. KW 2023;NÖ;N;18;0;0;1;140;157
32. KW 2023;OÖ;I;0;0;0;0;7;7
32. KW 2023;OÖ;N;18;0;0;1;119;136
32. KW 2023;SBG;I;0;0;0;1;1;2
32. KW 2023;SBG;N;9;0;0;0;53;60
32. KW 2023;ST;I;3;0;0;0;9;12
32. KW 2023;ST;N;22;0;0;0;105;124
32. KW 2023;T;I;0;0;0;0;3;3
32. KW 2023;T;N;11;0;0;1;80;90
32. KW 2023;V;I;0;0;0;0;4;4
32. KW 2023;V;N;2;0;1;3;35;39
32. KW 2023;W;I;2;0;0;1;10;13
32. KW 2023;W;N;31;0;0;0;122;149
33. KW 2023;BGL;I;1;0;0;0;2;2
33. KW 2023;BGL;N;5;0;0;0;22;26
33. KW 2023;KTN;I;0;0;0;0;2;2
33. KW 2023;KTN;N;17;0;0;0;72;85
33. KW 2023;NÖ;I;0;0;0;0;4;4
33. KW 2023;NÖ;N;19;0;0;1;117;134
33. KW 2023;OÖ;I;3;0;0;0;4;7
33. KW 2023;OÖ;N;21;1;0;5;115;137
33. KW 2023;SBG;I;1;1;0;0;2;4
33. KW 2023;SBG;N;10;0;0;0;52;62
33. KW 2023;ST;I;3;0;0;0;5;7
33. KW 2023;ST;N;31;0;1;1;121;151
33. KW 2023;T;I;2;0;0;1;4;7
33. KW 2023;T;N;14;0;0;3;61;77
33. KW 2023;V;I;0;0;0;0;3;3
33. KW 2023;V;N;6;0;0;2;40;48
33. KW 2023;W;I;0;0;0;0;12;12
33. KW 2023;W;N;38;0;0;2;136;171
34. KW 2023;BGL;I;0;0;0;0;2;2
34. KW 2023;BGL;N;7;0;0;0;27;34
34. KW 2023;KTN;I;0;0;0;0;3;3
34. KW 2023;KTN;N;17;0;0;0;66;80
34. KW 2023;NÖ;I;1;0;0;1;3;5
34. KW 2023;NÖ;N;38;1;0;1;111;147
34. KW 2023;OÖ;I;1;0;0;2;6;9
34. KW 2023;OÖ;N;29;0;0;1;125;154
34. KW 2023;SBG;I;0;1;0;0;8;9
34. KW 2023;SBG;N;17;0;0;0;42;58
34. KW 2023;ST;I;2;0;0;0;7;9
34. KW 2023;ST;N;35;0;1;0;142;173
34. KW 2023;T;I;1;0;0;1;7;9
34. KW 2023;T;N;13;0;0;0;95;108
34. KW 2023;V;I;0;0;0;0;1;1
34. KW 2023;V;N;6;0;0;2;40;47
34. KW 2023;W;I;3;0;0;0;13;15
34. KW 2023;W;N;48;0;2;2;100;146
35. KW 2023;BGL;I;0;0;0;0;0;0
35. KW 2023;BGL;N;10;0;0;0;26;36
35. KW 2023;KTN;I;0;0;1;0;3;4
35. KW 2023;KTN;N;17;0;0;0;48;65
35. KW 2023;NÖ;I;1;0;0;0;7;8
35. KW 2023;NÖ;N;37;0;0;1;109;143
35. KW 2023;OÖ;I;2;0;0;0;9;11
35. KW 2023;OÖ;N;35;0;1;1;125;154
35. KW 2023;SBG;I;0;0;0;0;3;3
35. KW 2023;SBG;N;15;0;1;0;55;68
35. KW 2023;ST;I;4;0;0;0;9;12
35. KW 2023;ST;N;32;1;0;1;125;157
35. KW 2023;T;I;0;0;0;0;4;4
35. KW 2023;T;N;19;0;0;2;73;92
35. KW 2023;V;I;0;0;0;0;1;1
35. KW 2023;V;N;9;0;0;0;27;34
35. KW 2023;W;I;4;0;0;0;11;15
35. KW 2023;W;N;45;0;0;1;119;159
36. KW 2023;BGL;I;0;0;0;0;3;3
36. KW 2023;BGL;N;8;0;0;0;30;36
36. KW 2023;KTN;I;1;0;0;0;3;4
36. KW 2023;KTN;N;32;0;0;1;72;100
36. KW 2023;NÖ;I;2;0;0;0;5;6
36. KW 2023;NÖ;N;57;1;0;1;113;167
36. KW 2023;OÖ;I;3;0;0;0;4;7
36. KW 2023;OÖ;N;52;0;2;0;132;183
36. KW 2023;SBG;I;1;0;0;1;7;9
36. KW 2023;SBG;N;18;0;0;0;55;70
36. KW 2023;ST;I;1;0;0;1;4;6
36. KW 2023;ST;N;33;0;1;1;133;164
36. KW 2023;T;I;0;0;0;0;8;8
36. KW 2023;T;N;26;0;1;2;78;104
36. KW 2023;V;I;0;0;0;0;0;0
36. KW 2023;V;N;11;0;0;1;30;41
36. KW 2023;W;I;2;0;0;0;6;8
36. KW 2023;W;N;55;0;0;2;143;195
37. KW 2023;BGL;I;2;0;0;0;3;5
37. KW 2023;BGL;N;14;0;0;0;27;39
37. KW 2023;KTN;I;0;0;0;0;3;3
37. KW 2023;KTN;N;30;0;0;0;100;129
37. KW 2023;NÖ;I;2;0;0;0;1;3
37. KW 2023;NÖ;N;53;0;0;0;134;183
37. KW 2023;OÖ;I;3;0;0;0;9;12
37. KW 2023;OÖ;N;44;0;1;2;149;195
37. KW 2023;SBG;I;1;0;0;0;5;5
37. KW 2023;SBG;N;20;0;0;0;58;76
37. KW 2023;ST;I;2;0;0;0;10;11
37. KW 2023;ST;N;43;0;0;1;148;190
37. KW 2023;T;I;1;0;0;1;7;9
37. KW 2023;T;N;28;1;0;2;65;92
37. KW 2023;V;I;1;0;0;0;5;6
37. KW 2023;V;N;6;1;1;4;44;54
37. KW 2023;W;I;3;0;0;0;13;16
37. KW 2023;W;N;75;2;0;1;170;239
38. KW 2023;BGL;I;0;0;0;0;2;2
38. KW 2023;BGL;N;14;0;0;1;39;53
38. KW 2023;KTN;I;0;0;0;0;3;3
38. KW 2023;KTN;N;25;0;0;1;70;95
38. KW 2023;NÖ;I;3;0;0;1;5;9
38. KW 2023;NÖ;N;67;1;0;2;143;207
38. KW 2023;OÖ;I;1;0;0;0;9;9
38. KW 2023;OÖ;N;55;0;0;0;146;198
38. KW 2023;SBG;I;3;0;0;0;3;5
38. KW 2023;SBG;N;22;0;0;1;41;63
38. KW 2023;ST;I;7;0;0;0;14;19
38. KW 2023;ST;N;42;0;0;0;144;181
38. KW 2023;T;I;1;0;0;0;2;3
38. KW 2023;T;N;26;0;0;4;97;125
38. KW 2023;V;I;1;0;0;0;1;2
38. KW 2023;V;N;10;0;0;3;46;55
38. KW 2023;W;I;4;0;0;0;6;10
38. KW 2023;W;N;74;2;0;1;152;220
39. KW 2023;BGL;I;2;0;0;0;2;3
39. KW 2023;BGL;N;19;0;0;0;22;39
39. KW 2023;KTN;I;1;0;0;1;3;5
39. KW 2023;KTN;N;33;1;0;4;94;125
39. KW 2023;NÖ;I;3;0;0;1;4;7
39. KW 2023;NÖ;N;54;0;0;0;125;173
39. KW 2023;OÖ;I;4;0;0;1;10;15
39. KW 2023;OÖ;N;74;0;1;4;154;222
39. KW 2023;SBG;I;0;0;0;1;4;5
39. KW 2023;SBG;N;42;0;0;3;56;95
39. KW 2023;ST;I;3;0;0;0;7;10
39. KW 2023;ST;N;74;0;0;2;168;238
39. KW 2023;T;I;0;0;0;1;11;12
39. KW 2023;T;N;43;1;1;2;95;138
39. KW 2023;V;I;0;0;0;0;1;1
39. KW 2023;V;N;10;0;0;2;40;51
39. KW 2023;W;I;5;0;0;1;13;17
39. KW 2023;W;N;65;2;2;3;152;220
40. KW 2023;BGL;I;1;0;0;0;2;3
40. KW 2023;BGL;N;22;0;0;0;28;43
40. KW 2023;KTN;I;0;0;0;1;5;6
40. KW 2023;KTN;N;31;0;0;3;91;122
40. KW 2023;NÖ;I;2;0;0;0;6;7
40. KW 2023;NÖ;N;83;0;0;4;139;214
40. KW 2023;OÖ;I;7;0;0;1;5;11
40. KW 2023;OÖ;N;89;0;0;4;164;248
40. KW 2023;SBG;I;3;0;0;0;3;5
40. KW 2023;SBG;N;45;0;0;2;67;107
40. KW 2023;ST;I;6;0;0;1;9;15
40. KW 2023;ST;N;71;0;1;0;153;221
40. KW 2023;T;I;0;0;0;0;10;10
40. KW 2023;T;N;59;0;1;4;101;158
40. KW 2023;V;I;2;0;0;0;2;4
40. KW 2023;V;N;18;0;0;2;47;65
40. KW 2023;W;I;4;0;0;0;19;22
40. KW 2023;W;N;78;1;1;2;151;227
41. KW 2023;BGL;I;2;0;0;0;1;3
41. KW 2023;BGL;N;17;0;1;0;37;50
41. KW 2023;KTN;I;0;0;0;1;4;5
41. KW 2023;KTN;N;40;0;0;2;73;113
41. KW 2023;NÖ;I;1;0;0;0;4;5
41. KW 2023;NÖ;N;104;0;0;1;148;244
41. KW 2023;OÖ;I;4;0;0;0;10;14
41. KW 2023;OÖ;N;129;0;2;5;158;284
41. KW 2023;SBG;I;0;0;0;0;4;4
41. KW 2023;SBG;N;41;0;0;0;53;93
41. KW 2023;ST;I;8;0;0;2;16;23
41. KW 2023;ST;N;96;0;0;1;172;259
41. KW 2023;T;I;0;0;0;0;3;3
41. KW 2023;T;N;62;0;0;1;102;158
41. KW 2023;V;I;1;0;0;0;5;6
41. KW 2023;V;N;7;0;0;2;53;62
41. KW 2023;W;I;3;0;0;2;6;11
41. KW 2023;W;N;100;1;0;2;167;257
42. KW 2023;BGL;I;0;0;0;0;0;0
42. KW 2023;BGL;N;28;0;0;2;36;60
42. KW 2023;KTN;I;0;0;0;0;3;3
42. KW 2023;KTN;N;55;0;0;1;102;152
42. KW 2023;NÖ;I;1;0;0;0;7;8
42. KW 2023;NÖ;N;129;0;0;2;174;285
42. KW 2023;OÖ;I;2;1;0;0;14;16
42. KW 2023;OÖ;N;140;1;0;2;184;315
42. KW 2023;SBG;I;5;0;0;0;3;8
42. KW 2023;SBG;N;39;0;1;4;61;100
42. KW 2023;ST;I;6;0;0;1;12;19
42. KW 2023;ST;N;84;1;1;3;161;237
42. KW 2023;T;I;2;0;0;0;4;6
42. KW 2023;T;N;93;1;0;2;120;196
42. KW 2023;V;I;0;0;0;0;1;1
42. KW 2023;V;N;24;0;0;0;38;59
42. KW 2023;W;I;2;0;0;2;9;13
42. KW 2023;W;N;111;1;0;1;157;257
43. KW 2023;BGL;I;2;0;0;0;1;3
43. KW 2023;BGL;N;25;0;0;1;31;52
43. KW 2023;KTN;I;1;0;0;0;6;7
43. KW 2023;KTN;N;62;0;0;1;96;154
43. KW 2023;NÖ;I;4;0;0;0;6;10
43. KW 2023;NÖ;N;165;1;1;4;156;312
43. KW 2023;OÖ;I;7;0;0;0;9;16
43. KW 2023;OÖ;N;139;0;2;5;156;289
43. KW 2023;SBG;I;2;0;0;0;5;7
43. KW 2023;SBG;N;52;2;0;1;63;110
43. KW 2023;ST;I;9;0;1;0;5;15
43. KW 2023;ST;N;104;0;0;3;151;250
43. KW 2023;T;I;6;0;0;0;8;12
43. KW 2023;T;N;106;1;0;2;98;193
43. KW 2023;V;I;1;0;0;0;2;2
43. KW 2023;V;N;33;1;1;7;50;91
43. KW 2023;W;I;10;0;0;1;14;25
43. KW 2023;W;N;119;1;1;5;181;290
44. KW 2023;BGL;I;3;0;0;0;0;3
44. KW 2023;BGL;N;32;0;0;0;34;60
44. KW 2023;KTN;I;0;0;0;0;4;4
44. KW 2023;KTN;N;80;0;0;3;91;164
44. KW 2023;NÖ;I;10;0;0;1;10;15
44. KW 2023;NÖ;N;190;0;0;3;142;317
44. KW 2023;OÖ;I;4;0;0;0;11;14
44. KW 2023;OÖ;N;180;1;0;1;173;339
44. KW 2023;SBG;I;1;0;0;1;4;4
44. KW 2023;SBG;N;48;0;2;1;49;96
44. KW 2023;ST;I;5;0;0;0;12;17
44. KW 2023;ST;N;154;0;1;4;158;303
44. KW 2023;T;I;5;0;0;0;4;8
44. KW 2023;T;N;74;2;0;5;93;166
44. KW 2023;V;I;2;0;0;1;7;8
44. KW 2023;V;N;32;0;2;3;63;98
44. KW 2023;W;I;5;0;0;0;8;13
44. KW 2023;W;N;107;1;2;1;146;241
45. KW 2023;BGL;I;2;0;0;1;1;3
45. KW 2023;BGL;N;43;1;0;1;26;69
45. KW 2023;KTN;I;1;0;0;1;1;3
45. KW 2023;KTN;N;69;0;0;3;94;160
45. KW 2023;NÖ;I;7;0;0;0;6;12
45. KW 2023;NÖ;N;183;3;0;1;157;321
45. KW 2023;OÖ;I;7;0;0;1;7;15
45. KW 2023;OÖ;N;160;1;1;7;184;338
45. KW 2023;SBG;I;3;0;0;0;7;10
45. KW 2023;SBG;N;52;0;0;2;59;111
45. KW 2023;ST;I;9;0;0;0;10;19
45. KW 2023;ST;N;143;3;3;5;138;281
45. KW 2023;T;I;5;0;0;1;9;14
45. KW 2023;T;N;88;0;0;5;84;169
45. KW 2023;V;I;2;0;0;0;2;4
45. KW 2023;V;N;29;1;0;5;51;80
45. KW 2023;W;I;7;0;0;1;8;15
45. KW 2023;W;N;116;2;0;2;138;244
46. KW 2023;BGL;I;2;0;0;0;1;2
46. KW 2023;BGL;N;55;0;0;0;44;93
46. KW 2023;KTN;I;2;0;0;0;2;4
46. KW 2023;KTN;N;106;0;0;1;84;182
46. KW 2023;NÖ;I;3;0;0;0;6;9
46. KW 2023;NÖ;N;229;2;0;2;146;344
46. KW 2023;OÖ;I;10;0;0;0;8;16
46. KW 2023;OÖ;N;212;1;0;4;160;361
46. KW 2023;SBG;I;1;0;1;0;2;4
46. KW 2023;SBG;N;73;0;1;2;49;118
46. KW 2023;ST;I;8;0;0;2;10;20
46. KW 2023;ST;N;187;7;4;3;179;360
46. KW 2023;T;I;3;0;0;1;7;9
46. KW 2023;T;N;90;0;3;9;93;189
46. KW 2023;V;I;2;0;0;0;3;5
46. KW 2023;V;N;37;0;1;3;44;80
46. KW 2023;W;I;8;0;0;0;16;23
46. KW 2023;W;N;150;3;3;3;173;316
47. KW 2023;BGL;I;4;0;0;0;3;5
47. KW 2023;BGL;N;65;0;0;2;42;105
47. KW 2023;KTN;I;0;0;0;0;6;6
47. KW 2023;KTN;N;133;1;0;6;80;203
47. KW 2023;NÖ;I;8;0;0;0;4;12
47. KW 2023;NÖ;N;229;2;2;1;158;370
47. KW 2023;OÖ;I;7;0;0;0;9;14
47. KW 2023;OÖ;N;250;0;3;3;192;429
47. KW 2023;SBG;I;1;0;0;1;6;8
47. KW 2023;SBG;N;76;0;3;0;87;148
47. KW 2023;ST;I;13;2;1;0;15;27
47. KW 2023;ST;N;233;9;2;1;182;415
47. KW 2023;T;I;1;0;0;0;7;8
47. KW 2023;T;N;105;1;3;2;84;185
47. KW 2023;V;I;1;0;0;1;4;6
47. KW 2023;V;N;44;2;3;4;53;99
47. KW 2023;W;I;14;0;0;1;8;22
47. KW 2023;W;N;172;5;3;3;148;313
48. KW 2023;BGL;I;2;0;0;0;4;6
48. KW 2023;BGL;N;66;1;1;0;35;97
48. KW 2023;KTN;I;4;0;1;0;6;9
48. KW 2023;KTN;N;104;2;1;4;66;166
48. KW 2023;NÖ;I;13;0;0;1;9;20
48. KW 2023;NÖ;N;222;12;5;3;151;364
48. KW 2023;OÖ;I;12;0;0;2;14;26
48. KW 2023;OÖ;N;278;4;5;2;169;433
48. KW 2023;SBG;I;8;0;2;1;7;17
48. KW 2023;SBG;N;92;1;0;0;72;150
48. KW 2023;ST;I;10;0;0;0;5;14
48. KW 2023;ST;N;252;10;3;1;209;449
48. KW 2023;T;I;4;0;0;1;12;15
48. KW 2023;T;N;115;0;2;1;128;231
48. KW 2023;V;I;4;0;0;0;3;5
48. KW 2023;V;N;53;1;9;9;47;110
48. KW 2023;W;I;15;1;0;2;13;30
48. KW 2023;W;N;216;11;7;2;169;382
49. KW 2023;BGL;I;0;0;0;0;3;3
49. KW 2023;BGL;N;90;0;1;1;39;118
49. KW 2023;KTN;I;3;0;0;0;6;8
49. KW 2023;KTN;N;117;4;4;4;87;195
49. KW 2023;NÖ;I;12;0;0;0;6;17
49. KW 2023;NÖ;N;266;11;8;4;162;411
49. KW 2023;OÖ;I;11;1;0;1;10;20
49. KW 2023;OÖ;N;284;5;6;9;194;465
49. KW 2023;SBG;I;4;2;0;0;7;12
49. KW 2023;SBG;N;116;1;6;0;63;176
49. KW 2023;ST;I;11;1;0;0;9;20
49. KW 2023;ST;N;255;16;2;2;204;451
49. KW 2023;T;I;1;0;2;0;12;14
49. KW 2023;T;N;112;2;2;0;128;230
49. KW 2023;V;I;2;0;0;0;3;5
49. KW 2023;V;N;65;3;7;5;64;132
49. KW 2023;W;I;8;3;0;1;7;16
49. KW 2023;W;N;200;22;15;1;179;390
50. KW 2023;BGL;I;3;0;0;0;1;4
50. KW 2023;BGL;N;72;3;0;0;38;102
50. KW 2023;KTN;I;2;0;0;1;1;4
50. KW 2023;KTN;N;104;10;6;2;118;214
50. KW 2023;NÖ;I;9;0;0;0;15;22
50. KW 2023;NÖ;N;251;10;6;7;156;395
50. KW 2023;OÖ;I;9;0;0;0;7;16
50. KW 2023;OÖ;N;294;16;11;2;218;502
50. KW 2023;SBG;I;4;1;2;2;10;18
50. KW 2023;SBG;N;100;4;11;2;70;175
50. KW 2023;ST;I;12;0;0;0;9;20
50. KW 2023;ST;N;243;17;12;2;236;481
50. KW 2023;T;I;9;0;0;0;8;14
50. KW 2023;T;N;133;6;12;2;116;257
50. KW 2023;V;I;2;0;0;0;4;5
50. KW 2023;V;N;60;2;16;6;56;124
50. KW 2023;W;I;11;0;1;1;22;33
50. KW 2023;W;N;245;32;21;6;198;466
51. KW 2023;BGL;I;2;0;0;0;1;3
51. KW 2023;BGL;N;54;5;2;0;51;105
51. KW 2023;KTN;I;3;0;1;0;7;11
51. KW 2023;KTN;N;105;22;11;2;90;214
51. KW 2023;NÖ;I;5;4;0;1;3;13
51. KW 2023;NÖ;N;247;23;9;0;165;409
51. KW 2023;OÖ;I;12;1;0;0;9;20
51. KW 2023;OÖ;N;260;33;22;1;232;495
51. KW 2023;SBG;I;8;1;0;0;8;15
51. KW 2023;SBG;N;102;6;4;3;81;178
51. KW 2023;ST;I;7;1;0;1;13;20
51. KW 2023;ST;N;237;8;11;2;255;490
51. KW 2023;T;I;4;1;0;0;5;10
51. KW 2023;T;N;109;15;22;3;132;263
51. KW 2023;V;I;2;1;0;1;4;8
51. KW 2023;V;N;49;6;15;9;47;121
51. KW 2023;W;I;15;5;2;2;19;38
51. KW 2023;W;N;206;52;44;4;194;463
52. KW 2023;BGL;I;4;0;0;0;2;5
52. KW 2023;BGL;N;60;2;4;0;58;110
52. KW 2023;KTN;I;1;1;0;0;1;3
52. KW 2023;KTN;N;96;25;13;2;137;253
52. KW 2023;NÖ;I;9;1;0;1;5;16
52. KW 2023;NÖ;N;218;39;10;6;216;456
52. KW 2023;OÖ;I;9;4;0;1;17;28
52. KW 2023;OÖ;N;198;44;52;5;256;525
52. KW 2023;SBG;I;3;3;0;0;13;19
52. KW 2023;SBG;N;63;18;26;3;84;181
52. KW 2023;ST;I;11;3;2;1;15;29
52. KW 2023;ST;N;216;31;30;3;315;552
52. KW 2023;T;I;6;0;1;0;8;12
52. KW 2023;T;N;116;26;41;7;171;334
52. KW 2023;V;I;3;1;0;0;8;8
52. KW 2023;V;N;46;19;21;12;77;161
52. KW 2023;W;I;7;2;3;1;14;26
52. KW 2023;W;N;184;68;54;5;243;504
1. KW 2024;BGL;I;0;0;1;0;1;2
1. KW 2024;BGL;N;37;2;2;2;65;97
1. KW 2024;KTN;I;1;1;0;0;5;7
1. KW 2024;KTN;N;59;26;14;8;149;241
1. KW 2024;NÖ;I;4;3;0;0;10;15
1. KW 2024;NÖ;N;128;49;20;7;245;417
1. KW 2024;OÖ;I;2;2;5;0;9;18
1. KW 2024;OÖ;N;152;45;62;14;258;492
1. KW 2024;SBG;I;5;2;0;0;6;13
1. KW 2024;SBG;N;57;23;17;4;100;191
1. KW 2024;ST;I;9;1;1;0;26;36
1. KW 2024;ST;N;153;27;48;5;272;470
1. KW 2024;T;I;2;2;1;1;11;15
1. KW 2024;T;N;64;41;45;8;146;290
1. KW 2024;V;I;4;1;0;1;3;7
1. KW 2024;V;N;33;14;29;9;61;136
1. KW 2024;W;I;2;1;5;0;15;23
1. KW 2024;W;N;121;62;58;6;207;415
2. KW 2024;BGL;I;1;0;0;0;2;3
2. KW 2024;BGL;N;25;3;4;2;42;70
2. KW 2024;KTN;I;1;0;1;0;7;9
2. KW 2024;KTN;N;38;24;11;3;117;180
2. KW 2024;NÖ;I;3;1;0;1;7;12
2. KW 2024;NÖ;N;72;46;24;5;171;299
2. KW 2024;OÖ;I;3;7;1;0;15;24
2. KW 2024;OÖ;N;97;60;39;10;252;430
2. KW 2024;SBG;I;3;1;0;2;11;15
2. KW 2024;SBG;N;34;14;3;1;86;128
2. KW 2024;ST;I;1;2;2;0;12;16
2. KW 2024;ST;N;71;15;40;2;231;341
2. KW 2024;T;I;0;1;0;0;5;6
2. KW 2024;T;N;42;36;30;5;170;272
2. KW 2024;V;I;3;1;0;2;5;8
2. KW 2024;V;N;27;22;14;7;54;115
2. KW 2024;W;I;7;2;3;0;10;22
2. KW 2024;W;N;89;60;37;9;178;358
3. KW 2024;BGL;I;0;0;0;0;1;1
3. KW 2024;BGL;N;19;3;5;0;46;69
3. KW 2024;KTN;I;0;4;0;0;4;6
3. KW 2024;KTN;N;19;36;11;3;130;184
3. KW 2024;NÖ;I;1;3;0;0;10;13
3. KW 2024;NÖ;N;63;72;23;1;180;316
3. KW 2024;OÖ;I;2;3;3;0;12;18
3. KW 2024;OÖ;N;52;68;47;7;289;453
3. KW 2024;SBG;I;2;3;1;0;5;10
3. KW 2024;SBG;N;28;39;7;1;99;163
3. KW 2024;ST;I;0;2;2;0;10;13
3. KW 2024;ST;N;60;18;44;1;248;361
3. KW 2024;T;I;1;4;0;1;8;13
3. KW 2024;T;N;39;81;27;3;184;320
3. KW 2024;V;I;1;0;0;0;4;5
3. KW 2024;V;N;16;20;16;5;54;100
3. KW 2024;W;I;2;7;0;0;12;20
3. KW 2024;W;N;60;89;53;3;197;371
4. KW 2024;BGL;I;1;0;0;0;3;4
4. KW 2024;BGL;N;18;5;10;2;60;88
4. KW 2024;KTN;I;1;3;0;1;6;9
4. KW 2024;KTN;N;21;31;19;2;120;185
4. KW 2024;NÖ;I;0;9;1;0;6;15
4. KW 2024;NÖ;N;43;114;46;1;206;385
4. KW 2024;OÖ;I;2;7;2;1;12;22
4. KW 2024;OÖ;N;40;88;78;8;337;528
4. KW 2024;SBG;I;3;3;2;0;10;18
4. KW 2024;SBG;N;13;55;21;3;86;168
4. KW 2024;ST;I;0;2;4;2;15;23
4. KW 2024;ST;N;36;21;68;2;278;390
4. KW 2024;T;I;3;3;1;1;7;13
4. KW 2024;T;N;35;91;58;3;156;328
4. KW 2024;V;I;0;3;0;1;5;9
4. KW 2024;V;N;4;33;16;6;41;98
4. KW 2024;W;I;3;10;4;1;9;27
4. KW 2024;W;N;59;125;81;6;229;458
5. KW 2024;BGL;I;0;0;0;0;2;2
5. KW 2024;BGL;N;12;7;7;1;72;91
5. KW 2024;KTN;I;1;3;0;0;3;6
5. KW 2024;KTN;N;15;36;16;2;129;191
5. KW 2024;NÖ;I;1;3;0;0;7;11
5. KW 2024;NÖ;N;40;140;61;6;224;442
5. KW 2024;OÖ;I;3;6;3;1;18;28
5. KW 2024;OÖ;N;39;138;81;7;349;582
5. KW 2024;SBG;I;0;3;1;0;14;18
5. KW 2024;SBG;N;16;42;29;0;114;188
5. KW 2024;ST;I;2;4;5;2;16;26
5. KW 2024;ST;N;33;35;86;4;299;441
5. KW 2024;T;I;0;4;1;0;6;10
5. KW 2024;T;N;20;75;55;3;170;306
5. KW 2024;V;I;0;4;1;2;3;7
5. KW 2024;V;N;10;46;12;7;76;147
5. KW 2024;W;I;0;10;2;1;12;23
5. KW 2024;W;N;37;114;81;8;246;449
6. KW 2024;BGL;I;0;1;0;1;2;3
6. KW 2024;BGL;N;4;15;13;1;83;109
6. KW 2024;KTN;I;1;1;1;0;7;9
6. KW 2024;KTN;N;13;38;10;1;131;187
6. KW 2024;NÖ;I;0;11;3;0;8;22
6. KW 2024;NÖ;N;24;131;79;4;235;450
6. KW 2024;OÖ;I;2;4;0;0;14;19
6. KW 2024;OÖ;N;29;97;80;11;294;493
6. KW 2024;SBG;I;1;4;1;0;15;21
6. KW 2024;SBG;N;13;41;34;4;94;171
6. KW 2024;ST;I;0;1;1;2;19;22
6. KW 2024;ST;N;21;42;76;3;341;468
6. KW 2024;T;I;0;4;3;1;8;14
6. KW 2024;T;N;19;75;59;5;178;321
6. KW 2024;V;I;2;4;2;0;5;11
6. KW 2024;V;N;5;48;13;5;61;125
6. KW 2024;W;I;2;7;2;1;14;23
6. KW 2024;W;N;21;107;95;6;230;431
7. KW 2024;BGL;I;0;2;1;0;2;4
7. KW 2024;BGL;N;5;11;12;2;47;70
7. KW 2024;KTN;I;0;4;0;0;3;7
7. KW 2024;KTN;N;4;43;12;1;102;155
7. KW 2024;NÖ;I;3;9;1;0;6;17
7. KW 2024;NÖ;N;19;76;43;7;204;336
7. KW 2024;OÖ;I;0;4;0;1;7;12
7. KW 2024;OÖ;N;21;68;63;6;293;436
7. KW 2024;SBG;I;1;4;0;0;16;19
7. KW 2024;SBG;N;11;29;16;7;75;127
7. KW 2024;ST;I;1;1;5;0;16;22
7. KW 2024;ST;N;18;28;78;8;308;428
7. KW 2024;T;I;1;5;1;0;6;13
7. KW 2024;T;N;12;42;59;7;132;241
7. KW 2024;V;I;0;1;0;0;3;4
7. KW 2024;V;N;3;23;11;3;63;98
7. KW 2024;W;I;2;6;5;0;20;33
7. KW 2024;W;N;32;61;69;2;240;370
8. KW 2024;BGL;I;2;2;1;0;3;7
8. KW 2024;BGL;N;5;7;15;1;49;75
8. KW 2024;KTN;I;2;1;0;0;2;4
8. KW 2024;KTN;N;1;26;7;3;123;157
8. KW 2024;NÖ;I;0;2;1;1;5;8
8. KW 2024;NÖ;N;23;44;41;3;205;301
8. KW 2024;OÖ;I;2;5;0;1;9;17
8. KW 2024;OÖ;N;23;28;56;4;224;322
8. KW 2024;SBG;I;1;1;1;0;8;11
8. KW 2024;SBG;N;8;17;14;1;84;119
8. KW 2024;ST;I;0;0;1;0;17;18
8. KW 2024;ST;N;9;28;58;7;248;336
8. KW 2024;T;I;1;2;2;1;4;10
8. KW 2024;T;N;8;24;42;2;140;207
8. KW 2024;V;I;0;0;0;0;5;5
8. KW 2024;V;N;6;20;9;4;62;98
8. KW 2024;W;I;1;2;3;3;12;20
8. KW 2024;W;N;14;36;45;3;211;292
9. KW 2024;BGL;I;0;0;0;0;1;1
9. KW 2024;BGL;N;6;5;10;1;38;54
9. KW 2024;KTN;I;0;0;0;1;3;4
9. KW 2024;KTN;N;5;22;5;1;107;137
9. KW 2024;NÖ;I;1;1;1;0;8;11
9. KW 2024;NÖ;N;7;22;29;2;198;250
9. KW 2024;OÖ;I;1;2;0;0;10;13
9. KW 2024;OÖ;N;17;15;39;8;204;275
9. KW 2024;SBG;I;0;1;2;0;4;6
9. KW 2024;SBG;N;5;10;9;1;84;105
9. KW 2024;ST;I;0;0;1;1;8;10
9. KW 2024;ST;N;7;12;41;0;202;258
9. KW 2024;T;I;0;2;2;0;7;11
9. KW 2024;T;N;5;20;23;6;126;178
9. KW 2024;V;I;0;0;0;1;6;7
9. KW 2024;V;N;3;14;12;6;37;68
9. KW 2024;W;I;1;1;1;1;6;10
9. KW 2024;W;N;13;24;35;2;185;248
10. KW 2024;BGL;I;0;0;0;0;3;3
10. KW 2024;BGL;N;1;2;3;0;30;35
10. KW 2024;KTN;I;0;2;1;1;6;9
10. KW 2024;KTN;N;3;13;5;1;102;123
10. KW 2024;NÖ;I;0;0;1;0;11;11
10. KW 2024;NÖ;N;9;16;33;2;173;226
10. KW 2024;OÖ;I;0;0;0;0;9;9
10. KW 2024;OÖ;N;16;11;31;4;202;258
10. KW 2024;SBG;I;1;0;1;1;8;10
10. KW 2024;SBG;N;7;9;6;3;72;90
10. KW 2024;ST;I;1;1;2;0;16;19
10. KW 2024;ST;N;5;3;39;1;183;224
10. KW 2024;T;I;1;1;0;0;8;10
10. KW 2024;T;N;4;14;20;5;145;181
10. KW 2024;V;I;0;1;0;0;3;4
10. KW 2024;V;N;3;4;9;2;53;68
10. KW 2024;W;I;3;4;1;0;12;19
10. KW 2024;W;N;11;19;32;5;230;279
11. KW 2024;BGL;I;0;0;0;0;3;3
11. KW 2024;BGL;N;3;2;6;0;47;55
11. KW 2024;KTN;I;0;0;0;1;3;4
11. KW 2024;KTN;N;4;10;7;2;115;135
11. KW 2024;NÖ;I;0;1;1;1;5;7
11. KW 2024;NÖ;N;7;9;19;2;195;224
11. KW 2024;OÖ;I;0;0;0;2;6;8
11. KW 2024;OÖ;N;17;9;15;4;173;210
11. KW 2024;SBG;I;0;1;0;1;4;5
11. KW 2024;SBG;N;5;3;8;2;64;81
11. KW 2024;ST;I;0;0;0;0;10;10
11. KW 2024;ST;N;6;6;31;4;175;219
11. KW 2024;T;I;0;0;1;1;8;9
11. KW 2024;T;N;3;8;14;5;113;142
11. KW 2024;V;I;0;0;0;0;1;1
11. KW 2024;V;N;4;4;6;4;46;62
11. KW 2024;W;I;0;1;1;0;18;19
11. KW 2024;W;N;15;11;16;4;188;222
12. KW 2024;BGL;I;1;0;0;0;1;2
12. KW 2024;BGL;N;1;1;4;2;41;48
12. KW 2024;KTN;I;0;0;0;0;2;2
12. KW 2024;KTN;N;4;9;8;3;110;130
12. KW 2024;NÖ;I;0;0;0;0;9;9
12. KW 2024;NÖ;N;9;12;10;1;173;199
12. KW 2024;OÖ;I;0;0;1;0;4;5
12. KW 2024;OÖ;N;10;2;7;4;205;225
12. KW 2024;SBG;I;0;2;0;0;6;8
12. KW 2024;SBG;N;3;4;6;3;67;79
12. KW 2024;ST;I;2;0;1;1;8;12
12. KW 2024;ST;N;5;5;22;2;180;208
12. KW 2024;T;I;1;1;0;0;5;6
12. KW 2024;T;N;7;6;9;4;106;130
12. KW 2024;V;I;0;0;0;0;2;2
12. KW 2024;V;N;4;3;6;3;52;68
12. KW 2024;W;I;0;1;0;1;12;14
12. KW 2024;W;N;10;3;11;1;179;199
13. KW 2024;BGL;I;0;0;0;0;0;0
13. KW 2024;BGL;N;2;0;1;0;47;50
13. KW 2024;KTN;I;0;0;0;0;7;7
13. KW 2024;KTN;N;4;4;1;6;108;119
13. KW 2024;NÖ;I;0;0;0;0;6;6
13. KW 2024;NÖ;N;4;9;9;3;175;196
13. KW 2024;OÖ;I;2;2;0;2;7;13
13. KW 2024;OÖ;N;16;5;4;5;166;193
13. KW 2024;SBG;I;0;0;0;1;4;5
13. KW 2024;SBG;N;3;2;9;1;74;88
13. KW 2024;ST;I;0;0;2;1;9;12
13. KW 2024;ST;N;6;3;18;4;206;236
13. KW 2024;T;I;1;0;1;1;8;11
13. KW 2024;T;N;6;5;8;8;125;150
13. KW 2024;V;I;0;0;0;1;4;5
13. KW 2024;V;N;0;2;4;4;35;45
13. KW 2024;W;I;0;1;1;0;11;13
13. KW 2024;W;N;6;2;13;3;201;218
14. KW 2024;BGL;I;0;0;0;0;0;0
14. KW 2024;BGL;N;1;0;1;1;47;50
14. KW 2024;KTN;I;0;0;0;0;2;2
14. KW 2024;KTN;N;2;4;1;1;113;121
14. KW 2024;NÖ;I;0;0;1;1;6;8
14. KW 2024;NÖ;N;9;1;6;5;203;220
14. KW 2024;OÖ;I;0;0;0;0;6;6
14. KW 2024;OÖ;N;11;5;6;8;203;229
14. KW 2024;SBG;I;0;0;0;1;11;12
14. KW 2024;SBG;N;2;1;0;3;57;62
14. KW 2024;ST;I;0;0;1;0;10;11
14. KW 2024;ST;N;8;1;10;2;177;198
14. KW 2024;T;I;0;1;2;1;4;7
14. KW 2024;T;N;2;0;7;2;140;151
14. KW 2024;V;I;0;0;0;0;3;3
14. KW 2024;V;N;1;0;2;4;66;73
14. KW 2024;W;I;1;0;0;0;13;14
14. KW 2024;W;N;8;5;5;5;178;197
15. KW 2024;BGL;I;0;0;0;0;2;2
15. KW 2024;BGL;N;1;0;0;1;41;43
15. KW 2024;KTN;I;1;0;0;0;2;3
15. KW 2024;KTN;N;2;1;3;3;83;91
15. KW 2024;NÖ;I;0;0;0;0;9;9
15. KW 2024;NÖ;N;3;4;3;1;197;206
15. KW 2024;OÖ;I;0;0;0;0;8;8
15. KW 2024;OÖ;N;4;3;1;2;190;199
15. KW 2024;SBG;I;0;0;0;0;5;5
15. KW 2024;SBG;N;1;1;0;2;64;68
15. KW 2024;ST;I;2;0;0;0;7;9
15. KW 2024;ST;N;6;2;4;4;170;185
15. KW 2024;T;I;0;0;1;0;9;10
15. KW 2024;T;N;4;1;1;4;122;130
15. KW 2024;V;I;0;0;0;0;0;0
15. KW 2024;V;N;1;0;5;5;45;54
15. KW 2024;W;I;0;0;0;0;12;12
15. KW 2024;W;N;12;3;2;1;172;187
16. KW 2024;BGL;I;0;0;0;0;3;3
16. KW 2024;BGL;N;0;0;1;1;35;37
16. KW 2024;KTN;I;0;0;0;0;5;5
16. KW 2024;KTN;N;1;2;2;0;85;88
16. KW 2024;NÖ;I;0;0;0;0;5;5
16. KW 2024;NÖ;N;5;4;2;2;170;183
16. KW 2024;OÖ;I;0;0;0;0;14;14
16. KW 2024;OÖ;N;10;2;4;6;164;183
16. KW 2024;SBG;I;0;0;0;0;1;1
16. KW 2024;SBG;N;4;0;0;0;70;74
16. KW 2024;ST;I;0;0;0;1;16;17
16. KW 2024;ST;N;6;0;6;4;164;179
16. KW 2024;T;I;0;1;0;0;3;4
16. KW 2024;T;N;3;1;2;5;108;119
16. KW 2024;V;I;0;0;0;0;2;2
16. KW 2024;V;N;1;0;1;3;44;49
16. KW 2024;W;I;0;0;0;0;11;11
16. KW 2024;W;N;14;1;4;1;177;193
17. KW 2024;BGL;I;0;0;0;0;0;0
17. KW 2024;BGL;N;2;0;0;0;42;44
17. KW 2024;KTN;I;0;0;0;0;4;4
17. KW 2024;KTN;N;1;1;0;3;85;90
17. KW 2024;NÖ;I;0;0;0;0;5;5
17. KW 2024;NÖ;N;6;1;0;4;190;200
17. KW 2024;OÖ;I;0;0;0;0;5;5
17. KW 2024;OÖ;N;7;1;2;5;176;190
17. KW 2024;SBG;I;0;0;0;0;2;2
17. KW 2024;SBG;N;4;0;0;1;62;64
17. KW 2024;ST;I;0;0;0;0;10;10
17. KW 2024;ST;N;4;1;3;3;164;174
17. KW 2024;T;I;0;0;0;0;8;8
17. KW 2024;T;N;3;1;4;5;117;128
17. KW 2024;V;I;0;0;0;0;3;3
17. KW 2024;V;N;0;0;0;4;39;43
17. KW 2024;W;I;1;0;0;1;12;14
17. KW 2024;W;N;3;1;3;1;172;177
18. KW 2024;BGL;I;0;0;0;0;2;2
18. KW 2024;BGL;N;0;0;0;1;34;35
18. KW 2024;KTN;I;0;0;0;0;4;4
18. KW 2024;KTN;N;1;0;0;1;100;102
18. KW 2024;NÖ;I;1;0;0;1;5;7
18. KW 2024;NÖ;N;4;3;0;2;191;200
18. KW 2024;OÖ;I;0;0;0;1;6;7
18. KW 2024;OÖ;N;6;0;1;4;177;186
18. KW 2024;SBG;I;0;0;0;0;7;7
18. KW 2024;SBG;N;4;2;0;1;60;67
18. KW 2024;ST;I;0;0;0;1;6;7
18. KW 2024;ST;N;6;0;1;5;175;186
18. KW 2024;T;I;1;1;0;0;8;10
18. KW 2024;T;N;6;3;1;5;132;147
18. KW 2024;V;I;0;0;0;1;2;3
18. KW 2024;V;N;1;1;0;8;50;60
18. KW 2024;W;I;0;0;0;3;9;11
18. KW 2024;W;N;9;2;0;0;180;188
19. KW 2024;BGL;I;0;0;0;0;3;3
19. KW 2024;BGL;N;0;0;0;0;40;40
19. KW 2024;KTN;I;0;0;0;1;5;6
19. KW 2024;KTN;N;5;0;0;0;89;93
19. KW 2024;NÖ;I;0;1;0;0;4;5
19. KW 2024;NÖ;N;3;0;1;4;165;173
19. KW 2024;OÖ;I;0;0;0;0;7;7
19. KW 2024;OÖ;N;8;3;1;6;185;202
19. KW 2024;SBG;I;1;0;0;0;8;9
19. KW 2024;SBG;N;1;1;0;1;62;64
19. KW 2024;ST;I;0;0;0;1;14;15
19. KW 2024;ST;N;5;0;1;4;152;162
19. KW 2024;T;I;0;0;0;1;1;2
19. KW 2024;T;N;4;0;1;2;98;104
19. KW 2024;V;I;0;0;0;0;0;0
19. KW 2024;V;N;4;0;0;2;45;51
19. KW 2024;W;I;1;0;0;0;12;12
19. KW 2024;W;N;10;1;2;1;178;191
20. KW 2024;BGL;I;0;0;0;0;1;1
20. KW 2024;BGL;N;0;0;0;0;34;34
20. KW 2024;KTN;I;0;0;0;0;6;6
20. KW 2024;KTN;N;2;1;0;1;82;85
20. KW 2024;NÖ;I;0;0;0;0;5;5
20. KW 2024;NÖ;N;3;1;0;2;189;193
20. KW 2024;OÖ;I;0;0;0;0;3;3
20. KW 2024;OÖ;N;4;2;1;7;155;168
20. KW 2024;SBG;I;0;0;0;0;6;6
20. KW 2024;SBG;N;2;0;1;1;63;67
20. KW 2024;ST;I;0;0;0;2;9;11
20. KW 2024;ST;N;2;0;2;3;167;173
20. KW 2024;T;I;0;0;0;0;5;5
20. KW 2024;T;N;4;1;1;4;106;116
20. KW 2024;V;I;0;0;0;0;3;3
20. KW 2024;V;N;1;1;0;2;40;43
20. KW 2024;W;I;1;0;0;0;16;17
20. KW 2024;W;N;8;1;0;0;156;164
21. KW 2024;BGL;I;0;0;0;0;0;0
21. KW 2024;BGL;N;0;0;0;0;29;29
21. KW 2024;KTN;I;0;0;0;0;4;4
21. KW 2024;KTN;N;0;0;0;2;98;100
21. KW 2024;NÖ;I;0;0;0;0;4;4
21. KW 2024;NÖ;N;6;0;0;2;179;185
21. KW 2024;OÖ;I;0;0;0;0;5;5
21. KW 2024;OÖ;N;5;1;0;5;156;167
21. KW 2024;SBG;I;0;1;0;0;4;5
21. KW 2024;SBG;N;1;0;0;1;42;44
21. KW 2024;ST;I;0;0;0;1;11;12
21. KW 2024;ST;N;4;0;0;0;143;146
21. KW 2024;T;I;0;0;0;0;6;6
21. KW 2024;T;N;6;0;1;4;84;94
21. KW 2024;V;I;0;0;0;1;6;7
21. KW 2024;V;N;0;0;1;2;42;44
21. KW 2024;W;I;0;0;0;1;10;11
21. KW 2024;W;N;7;1;0;1;151;160
22. KW 2024;BGL;I;0;0;0;0;0;0
22. KW 2024;BGL;N;1;0;0;0;43;44
22. KW 2024;KTN;I;1;0;0;0;6;6
22. KW 2024;KTN;N;1;0;0;2;80;83
22. KW 2024;NÖ;I;0;0;0;0;4;4
22. KW 2024;NÖ;N;7;1;0;2;145;153
22. KW 2024;OÖ;I;0;0;0;1;8;9
22. KW 2024;OÖ;N;10;0;0;0;151;160
22. KW 2024;SBG;I;1;0;0;0;2;2
22. KW 2024;SBG;N;4;1;1;2;64;69
22. KW 2024;ST;I;0;0;0;0;9;9
22. KW 2024;ST;N;10;0;0;2;132;142
22. KW 2024;T;I;0;0;0;1;2;3
22. KW 2024;T;N;7;1;0;2;114;124
22. KW 2024;V;I;0;0;0;1;1;2
22. KW 2024;V;N;2;0;0;2;41;45
22. KW 2024;W;I;0;0;0;0;14;14
22. KW 2024;W;N;7;1;0;3;138;148
23. KW 2024;BGL;I;0;0;0;0;0;0
23. KW 2024;BGL;N;0;0;0;1;39;40
23. KW 2024;KTN;I;0;0;0;0;2;2
23. KW 2024;KTN;N;3;0;0;0;93;96
23. KW 2024;NÖ;I;0;0;0;0;6;6
23. KW 2024;NÖ;N;11;0;0;3;162;174
23. KW 2024;OÖ;I;1;0;0;0;14;14
23. KW 2024;OÖ;N;13;0;2;2;184;196
23. KW 2024;SBG;I;0;0;0;0;4;4
23. KW 2024;SBG;N;7;2;0;2;57;66
23. KW 2024;ST;I;0;0;0;0;8;8
23. KW 2024;ST;N;6;0;0;0;157;163
23. KW 2024;T;I;0;0;0;1;6;7
23. KW 2024;T;N;8;1;0;2;114;124
23. KW 2024;V;I;0;0;0;0;4;4
23. KW 2024;V;N;0;0;0;3;46;49
23. KW 2024;W;I;1;0;0;3;19;23
23. KW 2024;W;N;13;2;0;3;155;171
24. KW 2024;BGL;I;0;0;0;0;0;0
24. KW 2024;BGL;N;2;0;0;1;33;36
24. KW 2024;KTN;I;0;0;0;0;3;3
24. KW 2024;KTN;N;4;0;0;2;80;84
24. KW 2024;NÖ;I;0;0;0;0;4;4
24. KW 2024;NÖ;N;7;0;0;1;178;185
24. KW 2024;OÖ;I;0;0;0;1;7;8
24. KW 2024;OÖ;N;12;1;1;3;171;187
24. KW 2024;SBG;I;0;0;0;1;3;4
24. KW 2024;SBG;N;8;0;0;0;51;59
24. KW 2024;ST;I;0;0;0;0;13;13
24. KW 2024;ST;N;6;0;0;2;137;144
24. KW 2024;T;I;0;0;0;0;7;7
24. KW 2024;T;N;8;0;0;1;102;109
24. KW 2024;V;I;0;0;0;0;5;5
24. KW 2024;V;N;1;0;1;0;40;42
24. KW 2024;W;I;1;0;0;2;17;20
24. KW 2024;W;N;18;0;0;4;160;179
25. KW 2024;BGL;I;0;0;0;0;2;2
25. KW 2024;BGL;N;0;0;0;0;38;38
25. KW 2024;KTN;I;0;0;0;0;2;2
25. KW 2024;KTN;N;12;0;0;2;77;88
25. KW 2024;NÖ;I;0;0;0;0;1;1
25. KW 2024;NÖ;N;20;2;0;2;166;185
25. KW 2024;OÖ;I;0;0;0;1;9;10
25. KW 2024;OÖ;N;16;1;0;2;168;183
25. KW 2024;SBG;I;0;0;0;0;4;4
25. KW 2024;SBG;N;11;0;0;1;60;71
25. KW 2024;ST;I;2;0;0;1;10;12
25. KW 2024;ST;N;13;0;2;0;158;171
25. KW 2024;T;I;0;0;0;0;5;5
25. KW 2024;T;N;12;0;0;1;109;120
25. KW 2024;V;I;0;0;0;1;6;7
25. KW 2024;V;N;4;0;0;1;40;44
25. KW 2024;W;I;1;0;0;1;9;11
25. KW 2024;W;N;12;0;0;1;153;165
26. KW 2024;BGL;I;0;0;0;0;1;1
26. KW 2024;BGL;N;1;0;0;0;34;35
26. KW 2024;KTN;I;0;0;0;0;1;1
26. KW 2024;KTN;N;2;0;0;0;88;89
26. KW 2024;NÖ;I;1;0;0;0;6;7
26. KW 2024;NÖ;N;18;0;0;2;165;182
26. KW 2024;OÖ;I;0;0;0;1;10;11
26. KW 2024;OÖ;N;11;2;0;2;160;174
26. KW 2024;SBG;I;1;0;0;0;9;10
26. KW 2024;SBG;N;15;0;0;2;64;80
26. KW 2024;ST;I;0;0;0;0;6;6
26. KW 2024;ST;N;10;0;0;0;156;166
26. KW 2024;T;I;2;0;0;0;2;4
26. KW 2024;T;N;11;0;0;2;97;108
26. KW 2024;V;I;0;0;0;0;4;4
26. KW 2024;V;N;3;1;0;3;42;48
26. KW 2024;W;I;3;0;0;0;15;18
26. KW 2024;W;N;23;0;2;2;140;165
27. KW 2024;BGL;I;0;0;0;0;1;1
27. KW 2024;BGL;N;5;0;0;0;37;40
27. KW 2024;KTN;I;1;0;0;0;4;5
27. KW 2024;KTN;N;3;0;0;1;82;85
27. KW 2024;NÖ;I;2;0;0;0;5;7
27. KW 2024;NÖ;N;20;0;0;0;160;178
27. KW 2024;OÖ;I;3;0;0;0;15;17
27. KW 2024;OÖ;N;14;0;0;3;135;151
27. KW 2024;SBG;I;1;0;0;0;5;6
27. KW 2024;SBG;N;12;0;0;2;68;82
27. KW 2024;ST;I;1;0;0;0;8;9
27. KW 2024;ST;N;14;0;1;0;116;129
27. KW 2024;T;I;2;0;0;0;7;8
27. KW 2024;T;N;9;0;1;1;90;100
27. KW 2024;V;I;0;0;0;0;3;3
27. KW 2024;V;N;3;0;0;4;33;39
27. KW 2024;W;I;2;0;0;0;9;10
27. KW 2024;W;N;29;1;0;4;148;177
28. KW 2024;BGL;I;0;0;0;0;2;2
28. KW 2024;BGL;N;3;0;0;1;28;31
28. KW 2024;KTN;I;0;0;0;0;3;3
28. KW 2024;KTN;N;5;0;0;1;85;91
28. KW 2024;NÖ;I;0;0;0;0;6;6
28. KW 2024;NÖ;N;19;0;0;2;159;173
28. KW 2024;OÖ;I;2;0;0;0;9;11
28. KW 2024;OÖ;N;33;0;0;3;175;209
28. KW 2024;SBG;I;0;0;0;0;2;2
28. KW 2024;SBG;N;9;0;0;2;51;61
28. KW 2024;ST;I;0;0;0;0;5;5
28. KW 2024;ST;N;19;0;1;0;145;162
28. KW 2024;T;I;1;0;0;2;6;9
28. KW 2024;T;N;18;1;2;2;77;99
28. KW 2024;V;I;0;0;0;1;5;6
28. KW 2024;V;N;10;1;0;1;44;54
28. KW 2024;W;I;1;1;0;0;11;13
28. KW 2024;W;N;33;0;1;1;129;158
29. KW 2024;BGL;I;1;0;0;0;0;1
29. KW 2024;BGL;N;6;0;0;0;29;34
29. KW 2024;KTN;I;0;0;0;0;6;6
29. KW 2024;KTN;N;12;0;0;2;96;108
29. KW 2024;NÖ;I;2;0;0;0;9;11
29. KW 2024;NÖ;N;18;0;0;2;138;155
29. KW 2024;OÖ;I;1;0;0;0;5;5
29. KW 2024;OÖ;N;36;0;0;1;143;178
29. KW 2024;SBG;I;1;0;0;0;5;6
29. KW 2024;SBG;N;14;0;0;3;55;70
29. KW 2024;ST;I;0;0;0;0;11;11
29. KW 2024;ST;N;23;0;0;0;158;180
29. KW 2024;T;I;1;0;0;0;4;5
29. KW 2024;T;N;18;0;0;3;75;96
29. KW 2024;V;I;0;0;0;0;3;3
29. KW 2024;V;N;4;1;0;1;38;44
29. KW 2024;W;I;1;0;0;0;17;17
29. KW 2024;W;N;34;2;1;3;166;201
30. KW 2024;BGL;I;0;0;0;0;3;3
30. KW 2024;BGL;N;7;1;0;0;26;31
30. KW 2024;KTN;I;0;0;0;0;0;0
30. KW 2024;KTN;N;4;1;0;0;71;75
30. KW 2024;NÖ;I;0;0;0;0;2;2
30. KW 2024;NÖ;N;26;0;0;0;167;188
30. KW 2024;OÖ;I;2;0;0;0;4;5
30. KW 2024;OÖ;N;27;0;0;2;164;190
30. KW 2024;SBG;I;0;0;0;0;4;4
30. KW 2024;SBG;N;16;1;0;0;44;57
30. KW 2024;ST;I;0;0;0;0;7;7
30. KW 2024;ST;N;32;0;0;0;142;170
30. KW 2024;T;I;1;0;0;0;4;5
30. KW 2024;T;N;18;0;0;1;107;124
30. KW 2024;V;I;0;0;0;0;0;0
30. KW 2024;V;N;5;1;0;1;32;39
30. KW 2024;W;I;2;0;0;0;11;12
30. KW 2024;W;N;37;1;0;5;151;187
31. KW 2024;BGL;I;0;0;0;0;2;2
31. KW 2024;BGL;N;16;0;0;1;29;44
31. KW 2024;KTN;I;0;0;0;0;2;2
31. KW 2024;KTN;N;9;0;0;2;101;111
31. KW 2024;NÖ;I;1;0;0;0;3;4
31. KW 2024;NÖ;N;34;2;0;1;146;180
31. KW 2024;OÖ;I;0;0;0;0;2;2
31. KW 2024;OÖ;N;29;2;1;1;169;201
31. KW 2024;SBG;I;1;0;0;0;4;5
31. KW 2024;SBG;N;12;0;0;1;47;60
31. KW 2024;ST;I;0;0;0;1;13;14
31. KW 2024;ST;N;35;0;0;1;150;184
31. KW 2024;T;I;1;0;0;1;7;8
31. KW 2024;T;N;21;0;0;2;104;122
31. KW 2024;V;I;0;0;0;0;2;2
31. KW 2024;V;N;4;0;0;1;24;29
31. KW 2024;W;I;2;0;0;0;6;8
31. KW 2024;W;N;40;0;0;3;123;159
32. KW 2024;BGL;I;0;0;0;0;1;1
32. KW 2024;BGL;N;12;1;0;0;32;41
32. KW 2024;KTN;I;0;0;0;0;2;2
32. KW 2024;KTN;N;11;0;0;2;71;82
32. KW 2024;NÖ;I;0;0;0;0;4;4
32. KW 2024;NÖ;N;46;0;0;1;155;197
32. KW 2024;OÖ;I;1;0;0;0;6;7
32. KW 2024;OÖ;N;34;1;0;1;123;158
32. KW 2024;SBG;I;1;0;0;0;2;3
32. KW 2024;SBG;N;18;1;0;2;60;78
32. KW 2024;ST;I;2;0;0;0;8;10
32. KW 2024;ST;N;43;0;1;2;140;181
32. KW 2024;T;I;0;0;0;0;3;3
32. KW 2024;T;N;32;1;0;0;94;122
32. KW 2024;V;I;1;0;0;0;5;6
32. KW 2024;V;N;7;0;0;0;41;45
32. KW 2024;W;I;3;0;0;0;10;13
32. KW 2024;W;N;52;0;1;5;152;200
33. KW 2024;BGL;I;1;0;0;0;1;2
33. KW 2024;BGL;N;11;0;0;0;25;34
33. KW 2024;KTN;I;0;0;0;0;1;1
33. KW 2024;KTN;N;20;0;0;3;76;96
33. KW 2024;NÖ;I;1;0;0;0;8;9
33. KW 2024;NÖ;N;40;0;1;2;170;208
33. KW 2024;OÖ;I;0;0;0;0;9;9
33. KW 2024;OÖ;N;35;0;0;1;157;187
33. KW 2024;SBG;I;3;0;0;1;8;10
33. KW 2024;SBG;N;17;0;0;1;52;69
33. KW 2024;ST;I;5;0;0;0;5;7
33. KW 2024;ST;N;43;0;0;2;147;191
33. KW 2024;T;I;0;0;0;0;4;4
33. KW 2024;T;N;19;0;0;1;80;99
33. KW 2024;V;I;0;0;0;0;0;0
33. KW 2024;V;N;8;0;0;3;31;41
33. KW 2024;W;I;2;0;0;0;9;11
33. KW 2024;W;N;47;1;0;1;127;174
34. KW 2024;BGL;I;2;0;0;0;2;4
34. KW 2024;BGL;N;14;0;0;0;25;38
34. KW 2024;KTN;I;1;0;0;0;2;3
34. KW 2024;KTN;N;27;1;0;0;93;116
34. KW 2024;NÖ;I;1;0;0;0;4;5
34. KW 2024;NÖ;N;57;1;0;1;161;209
34. KW 2024;OÖ;I;0;0;0;0;9;9
34. KW 2024;OÖ;N;42;0;0;1;141;183
34. KW 2024;SBG;I;0;0;0;0;3;3
34. KW 2024;SBG;N;19;1;0;0;48;66
34. KW 2024;ST;I;4;0;0;0;11;15
34. KW 2024;ST;N;39;0;0;1;139;175
34. KW 2024;T;I;0;0;0;0;8;8
34. KW 2024;T;N;25;0;0;2;84;107
34. KW 2024;V;I;0;0;0;0;3;3
34. KW 2024;V;N;11;0;0;3;46;57
34. KW 2024;W;I;1;0;0;0;3;4
34. KW 2024;W;N;54;0;0;0;113;162
35. KW 2024;BGL;I;1;0;0;0;0;1
35. KW 2024;BGL;N;11;0;0;0;25;35
35. KW 2024;KTN;I;1;1;0;0;3;5
35. KW 2024;KTN;N;23;0;0;3;82;105
35. KW 2024;NÖ;I;2;0;0;0;5;7
35. KW 2024;NÖ;N;79;1;0;0;155;223
35. KW 2024;OÖ;I;1;0;0;0;14;14
35. KW 2024;OÖ;N;73;0;1;2;147;213
35. KW 2024;SBG;I;1;0;0;0;6;7
35. KW 2024;SBG;N;30;0;0;2;67;94
35. KW 2024;ST;I;0;0;0;1;16;16
35. KW 2024;ST;N;55;0;0;1;145;198
35. KW 2024;T;I;1;0;0;0;5;5
35. KW 2024;T;N;24;0;0;0;86;110
35. KW 2024;V;I;0;0;0;0;2;2
35. KW 2024;V;N;10;0;0;4;37;51
35. KW 2024;W;I;3;0;0;0;11;14
35. KW 2024;W;N;46;0;0;1;135;177
36. KW 2024;BGL;I;1;0;0;0;0;1
36. KW 2024;BGL;N;9;0;0;0;20;28
36. KW 2024;KTN;I;0;0;0;0;6;6
36. KW 2024;KTN;N;38;0;0;0;91;120
36. KW 2024;NÖ;I;2;0;0;0;4;6
36. KW 2024;NÖ;N;67;0;0;2;160;220
36. KW 2024;OÖ;I;0;0;0;0;6;6
36. KW 2024;OÖ;N;72;0;0;0;150;206
36. KW 2024;SBG;I;2;0;0;0;4;6
36. KW 2024;SBG;N;41;2;0;3;58;96
36. KW 2024;ST;I;3;0;0;0;11;13
36. KW 2024;ST;N;61;0;0;0;148;198
36. KW 2024;T;I;0;0;0;0;3;3
36. KW 2024;T;N;38;0;0;2;91;129
36. KW 2024;V;I;0;0;0;0;1;1
36. KW 2024;V;N;14;0;0;3;37;54
36. KW 2024;W;I;2;0;0;1;12;14
36. KW 2024;W;N;48;0;0;3;154;195
37. KW 2024;BGL;I;0;0;0;0;1;1
37. KW 2024;BGL;N;20;0;0;0;28;47
37. KW 2024;KTN;I;0;0;0;0;4;4
37. KW 2024;KTN;N;34;0;0;0;99;131
37. KW 2024;NÖ;I;0;0;0;0;5;5
37. KW 2024;NÖ;N;79;0;0;3;165;237
37. KW 2024;OÖ;I;4;0;0;0;9;13
37. KW 2024;OÖ;N;76;0;0;1;157;226
37. KW 2024;SBG;I;1;0;0;0;1;2
37. KW 2024;SBG;N;21;0;0;0;53;70
37. KW 2024;ST;I;7;0;0;0;5;12
37. KW 2024;ST;N;61;0;2;0;130;188
37. KW 2024;T;I;2;0;0;0;4;6
37. KW 2024;T;N;27;0;1;0;79;107
37. KW 2024;V;I;2;0;0;0;1;3
37. KW 2024;V;N;11;0;0;1;41;51
37. KW 2024;W;I;0;0;0;1;16;17
37. KW 2024;W;N;59;0;0;4;132;190
38. KW 2024;BGL;I;0;0;0;0;1;1
38. KW 2024;BGL;N;17;0;0;0;45;62
38. KW 2024;KTN;I;1;0;0;0;2;3
38. KW 2024;KTN;N;60;1;0;1;97;146
38. KW 2024;NÖ;I;2;0;0;0;6;8
38. KW 2024;NÖ;N;103;0;0;2;206;298
38. KW 2024;OÖ;I;5;1;0;0;18;22
38. KW 2024;OÖ;N;142;1;0;2;169;295
38. KW 2024;SBG;I;4;0;0;0;3;6
38. KW 2024;SBG;N;44;0;0;1;62;106
38. KW 2024;ST;I;3;0;0;0;11;14
38. KW 2024;ST;N;119;0;0;1;188;301
38. KW 2024;T;I;2;0;0;0;5;6
38. KW 2024;T;N;66;0;1;0;112;175
38. KW 2024;V;I;0;0;0;1;3;4
38. KW 2024;V;N;25;0;0;3;41;68
38. KW 2024;W;I;9;0;0;1;20;28
38. KW 2024;W;N;83;0;0;2;166;244
39. KW 2024;BGL;I;1;0;0;0;0;1
39. KW 2024;BGL;N;33;0;0;0;37;66
39. KW 2024;KTN;I;0;0;0;0;1;1
39. KW 2024;KTN;N;67;1;0;2;80;135
39. KW 2024;NÖ;I;7;0;0;0;9;14
39. KW 2024;NÖ;N;131;0;0;7;180;294
39. KW 2024;OÖ;I;4;0;0;0;8;11
39. KW 2024;OÖ;N;159;0;0;4;176;326
39. KW 2024;SBG;I;2;0;0;0;6;8
39. KW 2024;SBG;N;70;1;0;2;58;123
39. KW 2024;ST;I;5;0;0;0;5;10
39. KW 2024;ST;N;129;0;0;3;201;314
39. KW 2024;T;I;3;0;1;0;4;8
39. KW 2024;T;N;96;0;0;0;109;196
39. KW 2024;V;I;0;0;0;0;3;3
39. KW 2024;V;N;29;0;0;0;44;70
39. KW 2024;W;I;3;0;0;0;11;14
39. KW 2024;W;N;96;1;0;2;162;252
40. KW 2024;BGL;I;1;0;0;0;3;4
40. KW 2024;BGL;N;46;0;0;0;53;92
40. KW 2024;KTN;I;1;0;0;0;3;3
40. KW 2024;KTN;N;82;1;0;3;94;169
40. KW 2024;NÖ;I;3;0;0;0;7;10
40. KW 2024;NÖ;N;158;1;0;3;206;337
40. KW 2024;OÖ;I;5;0;0;1;4;10
40. KW 2024;OÖ;N;168;1;0;3;192;345
40. KW 2024;SBG;I;6;0;0;0;6;12
40. KW 2024;SBG;N;58;0;0;0;73;126
40. KW 2024;ST;I;6;0;0;0;11;16
40. KW 2024;ST;N;142;0;0;2;160;290
40. KW 2024;T;I;2;1;0;0;6;8
40. KW 2024;T;N;91;0;0;2;124;210
40. KW 2024;V;I;0;0;0;0;0;0
40. KW 2024;V;N;25;0;0;4;45;70
40. KW 2024;W;I;6;0;0;1;14;20
40. KW 2024;W;N;117;0;0;5;195;309
41. KW 2024;BGL;I;2;0;0;0;1;3
41. KW 2024;BGL;N;52;0;0;0;36;82
41. KW 2024;KTN;I;2;0;0;0;4;6
41. KW 2024;KTN;N;83;0;0;3;94;168
41. KW 2024;NÖ;I;9;0;0;0;7;13
41. KW 2024;NÖ;N;191;0;0;6;215;380
41. KW 2024;OÖ;I;10;0;0;1;13;24
41. KW 2024;OÖ;N;169;2;0;6;179;336
41. KW 2024;SBG;I;3;0;0;1;1;5
41. KW 2024;SBG;N;61;2;0;0;64;119
41. KW 2024;ST;I;7;0;0;0;9;16
41. KW 2024;ST;N;162;0;0;1;177;320
41. KW 2024;T;I;2;0;0;0;3;5
41. KW 2024;T;N;90;2;0;2;106;185
41. KW 2024;V;I;0;0;0;0;1;1
41. KW 2024;V;N;31;1;0;5;45;78
41. KW 2024;W;I;3;0;0;0;6;9
41. KW 2024;W;N;106;1;0;6;180;278
42. KW 2024;BGL;I;1;0;0;0;0;1
42. KW 2024;BGL;N;40;0;0;0;42;74
42. KW 2024;KTN;I;0;0;0;0;4;4
42. KW 2024;KTN;N;57;0;0;2;96;141
42. KW 2024;NÖ;I;3;0;0;0;8;11
42. KW 2024;NÖ;N;159;1;0;1;213;344
42. KW 2024;OÖ;I;6;0;0;0;11;17
42. KW 2024;OÖ;N;144;0;0;3;171;301
42. KW 2024;SBG;I;2;0;0;0;5;6
42. KW 2024;SBG;N;61;1;0;1;56;113
42. KW 2024;ST;I;9;0;0;0;7;15
42. KW 2024;ST;N;129;0;1;0;160;279
42. KW 2024;T;I;1;0;0;0;4;5
42. KW 2024;T;N;80;1;0;3;128;200
42. KW 2024;V;I;1;0;0;1;3;5
42. KW 2024;V;N;30;0;0;2;38;69
42. KW 2024;W;I;6;0;0;2;15;22
42. KW 2024;W;N;93;3;2;5;178;271
43. KW 2024;BGL;I;1;0;0;0;0;1
43. KW 2024;BGL;N;34;0;0;0;25;54
43. KW 2024;KTN;I;0;0;0;0;2;2
43. KW 2024;KTN;N;64;0;1;4;108;163
43. KW 2024;NÖ;I;3;0;0;0;8;11
43. KW 2024;NÖ;N;145;2;0;2;162;293
43. KW 2024;OÖ;I;4;0;0;1;11;15
43. KW 2024;OÖ;N;116;3;0;3;179;288
43. KW 2024;SBG;I;4;0;0;0;3;6
43. KW 2024;SBG;N;45;1;0;2;59;100
43. KW 2024;ST;I;2;0;0;0;16;17
43. KW 2024;ST;N;121;0;2;3;196;307
43. KW 2024;T;I;1;0;0;0;4;4
43. KW 2024;T;N;57;2;1;3;90;149
43. KW 2024;V;I;2;0;0;0;2;4
43. KW 2024;V;N;29;2;0;3;42;72
43. KW 2024;W;I;7;0;0;1;14;22
43. KW 2024;W;N;85;3;0;1;170;250
44. KW 2024;BGL;I;1;0;0;0;3;4
44. KW 2024;BGL;N;31;0;0;2;33;59
44. KW 2024;KTN;I;1;0;0;0;3;4
44. KW 2024;KTN;N;27;0;0;2;81;102
44. KW 2024;NÖ;I;7;0;0;0;9;16
44. KW 2024;NÖ;N;85;0;0;1;182;256
44. KW 2024;OÖ;I;4;0;0;1;11;14
44. KW 2024;OÖ;N;73;2;1;3;164;234
44. KW 2024;SBG;I;2;0;0;0;6;8
44. KW 2024;SBG;N;34;0;0;1;59;90
44. KW 2024;ST;I;2;0;0;1;8;11
44. KW 2024;ST;N;77;1;0;1;182;250
44. KW 2024;T;I;2;0;0;0;6;8
44. KW 2024;T;N;38;0;0;3;111;146
44. KW 2024;V;I;0;0;0;1;1;2
44. KW 2024;V;N;11;1;0;0;37;48
44. KW 2024;W;I;3;0;0;3;10;15
44. KW 2024;W;N;80;5;0;3;166;244
45. KW 2024;BGL;I;0;0;0;1;0;1
45. KW 2024;BGL;N;26;0;0;1;32;55
45. KW 2024;KTN;I;1;0;0;0;4;5
45. KW 2024;KTN;N;27;1;0;1;97;118
45. KW 2024;NÖ;I;5;0;0;0;10;12
45. KW 2024;NÖ;N;80;0;0;2;185;255
45. KW 2024;OÖ;I;1;0;0;0;7;8
45. KW 2024;OÖ;N;67;3;0;0;151;211
45. KW 2024;SBG;I;1;0;0;0;5;6
45. KW 2024;SBG;N;26;0;0;1;71;94
45. KW 2024;ST;I;5;0;0;0;15;18
45. KW 2024;ST;N;56;0;0;2;190;233
45. KW 2024;T;I;0;0;0;0;7;7
45. KW 2024;T;N;39;1;0;2;113;147
45. KW 2024;V;I;1;1;0;1;2;4
45. KW 2024;V;N;13;0;0;2;35;50
45. KW 2024;W;I;2;0;0;0;15;17
45. KW 2024;W;N;57;2;1;2;170;223
46. KW 2024;BGL;I;1;0;0;0;3;4
46. KW 2024;BGL;N;16;0;1;0;44;56
46. KW 2024;KTN;I;0;0;0;0;1;1
46. KW 2024;KTN;N;30;0;0;2;90;118
46. KW 2024;NÖ;I;1;0;0;0;8;9
46. KW 2024;NÖ;N;68;0;0;4;185;242
46. KW 2024;OÖ;I;1;0;0;0;13;14
46. KW 2024;OÖ;N;63;0;2;3;198;263
46. KW 2024;SBG;I;1;0;0;0;8;8
46. KW 2024;SBG;N;20;2;0;1;50;68
46. KW 2024;ST;I;4;0;0;1;16;20
46. KW 2024;ST;N;51;1;1;3;159;210
46. KW 2024;T;I;0;0;0;0;3;3
46. KW 2024;T;N;27;0;1;1;90;117
46. KW 2024;V;I;0;0;0;0;1;1
46. KW 2024;V;N;13;1;0;3;42;56
46. KW 2024;W;I;5;0;0;0;11;16
46. KW 2024;W;N;51;2;2;2;159;210
47. KW 2024;BGL;I;0;0;0;0;1;1
47. KW 2024;BGL;N;19;0;0;4;40;60
47. KW 2024;KTN;I;1;1;0;0;3;5
47. KW 2024;KTN;N;30;2;0;0;77;103
47. KW 2024;NÖ;I;1;0;0;0;7;7
47. KW 2024;NÖ;N;64;5;0;1;199;249
47. KW 2024;OÖ;I;2;0;0;1;9;12
47. KW 2024;OÖ;N;63;3;0;4;184;249
47. KW 2024;SBG;I;0;0;0;0;6;6
47. KW 2024;SBG;N;25;0;0;3;66;92
47. KW 2024;ST;I;1;0;0;0;9;9
47. KW 2024;ST;N;41;1;2;2;152;192
47. KW 2024;T;I;1;0;0;0;3;4
47. KW 2024;T;N;21;0;1;3;132;153
47. KW 2024;V;I;0;0;0;0;3;3
47. KW 2024;V;N;16;0;0;3;60;77
47. KW 2024;W;I;0;0;0;0;15;15
47. KW 2024;W;N;50;2;0;4;164;214
48. KW 2024;BGL;I;1;0;0;0;3;4
48. KW 2024;BGL;N;21;3;0;0;36;50
48. KW 2024;KTN;I;0;0;0;0;6;6
48. KW 2024;KTN;N;34;2;0;0;78;107
48. KW 2024;NÖ;I;2;0;0;0;7;9
48. KW 2024;NÖ;N;60;2;3;3;171;230
48. KW 2024;OÖ;I;3;0;0;0;9;12
48. KW 2024;OÖ;N;62;4;1;5;181;239
48. KW 2024;SBG;I;0;0;0;0;5;5
48. KW 2024;SBG;N;23;0;0;1;69;91
48. KW 2024;ST;I;1;0;0;0;11;12
48. KW 2024;ST;N;53;1;1;3;174;223
48. KW 2024;T;I;0;0;0;0;5;5
48. KW 2024;T;N;20;1;3;2;113;138
48. KW 2024;V;I;2;0;0;0;4;5
48. KW 2024;V;N;12;1;0;3;37;52
48. KW 2024;W;I;4;1;0;0;9;14
48. KW 2024;W;N;48;8;3;2;169;223
49. KW 2024;BGL;I;2;0;0;0;3;4
49. KW 2024;BGL;N;20;0;0;0;39;56
49. KW 2024;KTN;I;1;0;0;0;9;10
49. KW 2024;KTN;N;19;4;0;0;98;116
49. KW 2024;NÖ;I;3;0;0;0;5;8
49. KW 2024;NÖ;N;51;3;1;3;198;248
49. KW 2024;OÖ;I;3;0;0;0;8;11
49. KW 2024;OÖ;N;66;3;2;4;176;238
49. KW 2024;SBG;I;1;0;0;0;7;7
49. KW 2024;SBG;N;21;1;0;2;70;92
49. KW 2024;ST;I;1;0;0;1;11;12
49. KW 2024;ST;N;51;1;2;5;207;259
49. KW 2024;T;I;2;0;0;1;10;10
49. KW 2024;T;N;21;5;2;5;125;152
49. KW 2024;V;I;0;0;0;0;2;2
49. KW 2024;V;N;17;3;0;1;61;80
49. KW 2024;W;I;2;0;1;3;19;24
49. KW 2024;W;N;52;19;8;5;197;270
50. KW 2024;BGL;I;0;0;0;0;2;2
50. KW 2024;BGL;N;24;2;0;0;37;60
50. KW 2024;KTN;I;0;0;0;0;3;3
50. KW 2024;KTN;N;22;5;1;2;90;119
50. KW 2024;NÖ;I;6;1;0;0;13;17
50. KW 2024;NÖ;N;52;10;2;4;220;272
50. KW 2024;OÖ;I;2;0;0;0;12;14
50. KW 2024;OÖ;N;56;6;6;5;185;247
50. KW 2024;SBG;I;0;0;0;0;3;3
50. KW 2024;SBG;N;20;3;0;0;60;81
50. KW 2024;ST;I;1;1;0;0;15;17
50. KW 2024;ST;N;35;12;4;4;151;200
50. KW 2024;T;I;1;0;1;0;4;5
50. KW 2024;T;N;26;8;4;1;132;161
50. KW 2024;V;I;0;0;0;0;1;1
50. KW 2024;V;N;18;4;0;4;48;71
50. KW 2024;W;I;1;2;1;1;19;24
50. KW 2024;W;N;46;38;6;3;191;274
51. KW 2024;BGL;I;0;1;0;0;4;4
51. KW 2024;BGL;N;19;6;1;2;43;65
51. KW 2024;KTN;I;0;0;0;0;7;7
51. KW 2024;KTN;N;20;11;0;3;106;136
51. KW 2024;NÖ;I;2;2;0;0;9;12
51. KW 2024;NÖ;N;43;11;10;4;208;267
51. KW 2024;OÖ;I;0;1;0;1;11;13
51. KW 2024;OÖ;N;47;10;2;2;190;239
51. KW 2024;SBG;I;1;0;0;0;6;7
51. KW 2024;SBG;N;23;8;1;1;67;96
51. KW 2024;ST;I;2;3;0;0;13;17
51. KW 2024;ST;N;54;19;5;3;217;290
51. KW 2024;T;I;1;0;1;1;12;13
51. KW 2024;T;N;14;17;4;2;117;147
51. KW 2024;V;I;1;1;0;0;1;3
51. KW 2024;V;N;11;6;2;3;61;81
51. KW 2024;W;I;0;4;0;1;15;20
51. KW 2024;W;N;49;41;13;3;236;330
52. KW 2024;BGL;I;0;0;0;0;2;2
52. KW 2024;BGL;N;24;6;1;2;67;93
52. KW 2024;KTN;I;0;0;0;1;4;5
52. KW 2024;KTN;N;20;21;0;3;125;162
52. KW 2024;NÖ;I;4;5;0;1;7;14
52. KW 2024;NÖ;N;40;34;6;5;241;317
52. KW 2024;OÖ;I;0;1;0;0;10;11
52. KW 2024;OÖ;N;38;27;3;4;169;228
52. KW 2024;SBG;I;1;0;0;0;4;5
52. KW 2024;SBG;N;16;7;1;2;69;92
52. KW 2024;ST;I;2;1;0;1;16;20
52. KW 2024;ST;N;32;23;5;4;243;299
52. KW 2024;T;I;3;1;0;0;10;12
52. KW 2024;T;N;18;21;3;5;151;186
52. KW 2024;V;I;0;0;0;0;2;2
52. KW 2024;V;N;18;11;5;6;60;90
52. KW 2024;W;I;4;6;1;0;14;24
52. KW 2024;W;N;44;71;14;2;192;308
1. KW 2025;BGL;I;0;0;0;0;1;1
1. KW 2025;BGL;N;13;5;2;0;70;85
1. KW 2025;KTN;I;1;3;0;2;3;9
1. KW 2025;KTN;N;16;40;1;2;120;168
1. KW 2025;NÖ;I;2;2;0;0;9;13
1. KW 2025;NÖ;N;44;54;7;5;232;327
1. KW 2025;OÖ;I;2;3;0;1;16;21
1. KW 2025;OÖ;N;35;33;9;7;225;295
1. KW 2025;SBG;I;0;0;0;0;5;5
1. KW 2025;SBG;N;8;10;7;0;99;119
1. KW 2025;ST;I;1;1;1;1;16;19
1. KW 2025;ST;N;35;33;2;2;275;338
1. KW 2025;T;I;0;0;2;0;8;10
1. KW 2025;T;N;13;28;10;4;140;189
1. KW 2025;V;I;2;0;0;0;5;7
1. KW 2025;V;N;9;12;8;1;51;78
1. KW 2025;W;I;5;7;1;2;13;25
1. KW 2025;W;N;34;96;23;6;199;341
2. KW 2025;BGL;I;1;0;0;0;4;4
2. KW 2025;BGL;N;13;5;0;0;58;72
2. KW 2025;KTN;I;0;2;0;1;10;12
2. KW 2025;KTN;N;10;40;2;3;97;138
2. KW 2025;NÖ;I;0;1;1;0;6;7
2. KW 2025;NÖ;N;29;70;1;4;235;318
2. KW 2025;OÖ;I;1;1;0;3;7;12
2. KW 2025;OÖ;N;36;31;4;4;213;273
2. KW 2025;SBG;I;0;0;1;0;8;9
2. KW 2025;SBG;N;13;23;1;1;89;121
2. KW 2025;ST;I;3;2;0;0;23;27
2. KW 2025;ST;N;33;46;8;9;332;410
2. KW 2025;T;I;1;2;0;1;4;7
2. KW 2025;T;N;11;45;7;7;135;196
2. KW 2025;V;I;2;0;0;1;3;6
2. KW 2025;V;N;14;9;10;3;51;85
2. KW 2025;W;I;2;10;0;1;24;35
2. KW 2025;W;N;31;97;21;4;246;381
3. KW 2025;BGL;I;2;1;1;0;3;6
3. KW 2025;BGL;N;6;11;1;0;53;65
3. KW 2025;KTN;I;0;2;0;0;5;7
3. KW 2025;KTN;N;11;38;0;1;116;158
3. KW 2025;NÖ;I;2;2;0;0;7;11
3. KW 2025;NÖ;N;19;76;8;4;229;324
3. KW 2025;OÖ;I;1;5;0;0;10;15
3. KW 2025;OÖ;N;32;68;7;5;205;306
3. KW 2025;SBG;I;1;1;0;0;7;9
3. KW 2025;SBG;N;6;25;4;2;96;127
3. KW 2025;ST;I;2;1;0;1;10;14
3. KW 2025;ST;N;22;42;12;2;269;340
3. KW 2025;T;I;2;5;1;0;9;17
3. KW 2025;T;N;10;44;10;3;151;210
3. KW 2025;V;I;1;1;0;1;4;6
3. KW 2025;V;N;6;15;6;1;49;73
3. KW 2025;W;I;3;6;0;1;23;32
3. KW 2025;W;N;24;121;15;5;203;351
4. KW 2025;BGL;I;0;0;0;0;1;1
4. KW 2025;BGL;N;8;9;1;0;55;69
4. KW 2025;KTN;I;0;2;0;0;2;4
4. KW 2025;KTN;N;10;73;2;2;142;222
4. KW 2025;NÖ;I;0;2;1;0;5;7
4. KW 2025;NÖ;N;33;100;13;1;225;353
4. KW 2025;OÖ;I;0;5;0;0;9;13
4. KW 2025;OÖ;N;28;93;9;2;209;328
4. KW 2025;SBG;I;0;2;0;1;5;8
4. KW 2025;SBG;N;6;26;3;0;89;122
4. KW 2025;ST;I;1;4;0;0;18;22
4. KW 2025;ST;N;16;72;17;4;332;432
4. KW 2025;T;I;0;3;1;0;8;10
4. KW 2025;T;N;10;55;10;2;168;237
4. KW 2025;V;I;1;0;0;0;7;8
4. KW 2025;V;N;3;39;6;9;56;103
4. KW 2025;W;I;2;6;1;1;20;28
4. KW 2025;W;N;17;141;30;1;244;415
5. KW 2025;BGL;I;1;0;0;0;4;5
5. KW 2025;BGL;N;11;11;0;2;67;84
5. KW 2025;KTN;I;0;4;0;0;5;8
5. KW 2025;KTN;N;10;80;3;2;139;224
5. KW 2025;NÖ;I;1;5;0;0;10;16
5. KW 2025;NÖ;N;31;129;19;5;245;412
5. KW 2025;OÖ;I;1;6;0;0;16;23
5. KW 2025;OÖ;N;32;135;12;4;230;400
5. KW 2025;SBG;I;3;1;0;0;7;11
5. KW 2025;SBG;N;3;43;3;2;85;131
5. KW 2025;ST;I;1;1;0;2;14;18
5. KW 2025;ST;N;18;50;16;1;285;360
5. KW 2025;T;I;0;2;3;1;11;16
5. KW 2025;T;N;12;65;16;1;173;254
5. KW 2025;V;I;1;2;0;0;4;6
5. KW 2025;V;N;3;39;9;5;61;113
5. KW 2025;W;I;0;7;2;3;17;25
5. KW 2025;W;N;19;151;27;2;230;416
6. KW 2025;BGL;I;0;0;0;0;3;3
6. KW 2025;BGL;N;5;7;3;1;60;71
6. KW 2025;KTN;I;1;4;1;1;6;12
6. KW 2025;KTN;N;4;54;2;6;127;181
6. KW 2025;NÖ;I;1;8;0;1;4;12
6. KW 2025;NÖ;N;16;117;33;3;240;387
6. KW 2025;OÖ;I;1;13;1;1;17;31
6. KW 2025;OÖ;N;24;154;8;3;257;430
6. KW 2025;SBG;I;1;0;0;0;8;9
6. KW 2025;SBG;N;2;45;11;2;87;142
6. KW 2025;ST;I;2;2;1;1;26;30
6. KW 2025;ST;N;17;16;24;6;266;328
6. KW 2025;T;I;0;7;3;0;7;17
6. KW 2025;T;N;7;65;16;5;148;236
6. KW 2025;V;I;0;0;0;0;2;2
6. KW 2025;V;N;7;36;13;3;60;111
6. KW 2025;W;I;2;4;3;2;20;31
6. KW 2025;W;N;16;105;28;11;244;387
7. KW 2025;BGL;I;1;2;0;0;5;8
7. KW 2025;BGL;N;5;16;6;2;55;82
7. KW 2025;KTN;I;0;2;0;0;7;9
7. KW 2025;KTN;N;2;49;3;2;129;177
7. KW 2025;NÖ;I;0;3;0;0;10;13
7. KW 2025;NÖ;N;14;74;31;1;228;336
7. KW 2025;OÖ;I;0;10;2;3;13;27
7. KW 2025;OÖ;N;25;163;18;12;277;464
7. KW 2025;SBG;I;0;1;0;0;10;11
7. KW 2025;SBG;N;6;36;3;3;88;125
7. KW 2025;ST;I;1;1;0;1;14;16
7. KW 2025;ST;N;13;27;21;6;260;315
7. KW 2025;T;I;0;3;2;1;6;10
7. KW 2025;T;N;12;62;17;8;168;258
7. KW 2025;V;I;0;6;1;1;8;13
7. KW 2025;V;N;2;37;16;6;65;116
7. KW 2025;W;I;3;12;1;1;23;37
7. KW 2025;W;N;21;114;26;6;221;370
8. KW 2025;BGL;I;0;0;0;1;2;3
8. KW 2025;BGL;N;5;5;3;2;44;58
8. KW 2025;KTN;I;0;0;0;0;7;7
8. KW 2025;KTN;N;9;19;8;5;132;165
8. KW 2025;NÖ;I;0;5;0;1;10;16
8. KW 2025;NÖ;N;10;87;21;2;245;346
8. KW 2025;OÖ;I;1;6;0;1;7;12
8. KW 2025;OÖ;N;25;105;23;4;267;412
8. KW 2025;SBG;I;0;0;1;1;6;8
8. KW 2025;SBG;N;6;20;6;2;99;129
8. KW 2025;ST;I;0;0;2;0;18;19
8. KW 2025;ST;N;21;24;26;6;247;314
8. KW 2025;T;I;0;3;2;0;9;11
8. KW 2025;T;N;8;42;20;6;144;214
8. KW 2025;V;I;0;1;0;1;4;5
8. KW 2025;V;N;2;26;14;6;63;106
8. KW 2025;W;I;1;9;2;1;13;25
8. KW 2025;W;N;12;119;24;3;237;380
9. KW 2025;BGL;I;1;1;0;0;3;5
9. KW 2025;BGL;N;4;3;6;0;59;66
9. KW 2025;KTN;I;0;3;0;0;4;7
9. KW 2025;KTN;N;3;26;6;0;113;141
9. KW 2025;NÖ;I;0;4;1;0;12;17
9. KW 2025;NÖ;N;6;86;25;2;216;323
9. KW 2025;OÖ;I;0;6;0;0;15;20
9. KW 2025;OÖ;N;19;88;18;5;216;338
9. KW 2025;SBG;I;0;0;0;0;6;6
9. KW 2025;SBG;N;3;15;5;3;56;77
9. KW 2025;ST;I;0;1;1;0;12;14
9. KW 2025;ST;N;10;14;31;3;245;294
9. KW 2025;T;I;0;4;1;0;6;10
9. KW 2025;T;N;5;50;17;3;144;210
9. KW 2025;V;I;0;0;0;0;1;1
9. KW 2025;V;N;1;15;9;12;59;95
9. KW 2025;W;I;0;11;0;1;18;30
9. KW 2025;W;N;13;97;31;9;223;363
10. KW 2025;BGL;I;0;0;0;0;5;5
10. KW 2025;BGL;N;2;4;7;1;43;56
10. KW 2025;KTN;I;0;0;0;0;3;3
10. KW 2025;KTN;N;2;22;8;2;108;135
10. KW 2025;NÖ;I;1;3;0;0;7;9
10. KW 2025;NÖ;N;5;43;41;6;222;302
10. KW 2025;OÖ;I;0;6;1;1;14;22
10. KW 2025;OÖ;N;8;64;14;11;245;330
10. KW 2025;SBG;I;0;0;0;0;3;3
10. KW 2025;SBG;N;2;14;5;1;92;109
10. KW 2025;ST;I;0;0;1;0;13;14
10. KW 2025;ST;N;14;19;31;3;233;295
10. KW 2025;T;I;2;1;1;0;4;8
10. KW 2025;T;N;3;21;15;4;134;173
10. KW 2025;V;I;0;1;0;0;2;3
10. KW 2025;V;N;1;8;24;6;55;86
10. KW 2025;W;I;5;4;1;2;18;29
10. KW 2025;W;N;17;66;28;8;250;353
11. KW 2025;BGL;I;1;1;0;1;4;6
11. KW 2025;BGL;N;3;5;6;3;39;52
11. KW 2025;KTN;I;0;0;0;0;7;7
11. KW 2025;KTN;N;4;16;6;3;94;121
11. KW 2025;NÖ;I;0;3;0;0;8;10
11. KW 2025;NÖ;N;1;47;23;4;202;274
11. KW 2025;OÖ;I;1;1;0;0;14;16
11. KW 2025;OÖ;N;11;59;19;4;196;282
11. KW 2025;SBG;I;0;0;0;0;12;12
11. KW 2025;SBG;N;2;15;13;4;88;121
11. KW 2025;ST;I;0;0;1;0;8;9
11. KW 2025;ST;N;7;14;30;8;239;295
11. KW 2025;T;I;1;2;1;1;5;9
11. KW 2025;T;N;4;19;17;2;133;171
11. KW 2025;V;I;0;0;0;1;7;8
11. KW 2025;V;N;1;12;13;2;46;73
11. KW 2025;W;I;0;5;0;2;24;29
11. KW 2025;W;N;11;67;26;6;243;337
12. KW 2025;BGL;I;0;0;2;1;2;5
12. KW 2025;BGL;N;2;1;9;2;43;54
12. KW 2025;KTN;I;0;0;0;0;8;8
12. KW 2025;KTN;N;1;8;6;5;118;137
12. KW 2025;NÖ;I;0;0;0;0;5;5
12. KW 2025;NÖ;N;10;34;26;5;225;294
12. KW 2025;OÖ;I;0;2;0;2;15;17
12. KW 2025;OÖ;N;12;36;28;2;171;239
12. KW 2025;SBG;I;0;1;0;0;8;9
12. KW 2025;SBG;N;3;6;7;3;55;74
12. KW 2025;ST;I;0;1;0;1;17;19
12. KW 2025;ST;N;6;3;24;3;221;253
12. KW 2025;T;I;0;1;2;1;7;11
12. KW 2025;T;N;3;9;16;9;111;148
12. KW 2025;V;I;0;1;0;0;1;2
12. KW 2025;V;N;1;12;10;2;45;69
12. KW 2025;W;I;0;3;2;5;18;27
12. KW 2025;W;N;14;32;17;11;200;268
13. KW 2025;BGL;I;0;0;0;0;1;1
13. KW 2025;BGL;N;0;1;6;0;40;47
13. KW 2025;KTN;I;0;1;0;0;3;4
13. KW 2025;KTN;N;2;4;3;3;105;114
13. KW 2025;NÖ;I;1;1;1;0;8;10
13. KW 2025;NÖ;N;6;16;21;4;194;237
13. KW 2025;OÖ;I;0;2;2;1;9;14
13. KW 2025;OÖ;N;21;18;17;2;184;233
13. KW 2025;SBG;I;0;0;0;1;7;8
13. KW 2025;SBG;N;0;6;8;1;60;74
13. KW 2025;ST;I;0;0;2;1;9;12
13. KW 2025;ST;N;5;6;16;3;179;204
13. KW 2025;T;I;0;0;2;0;4;6
13. KW 2025;T;N;2;8;16;7;115;144
13. KW 2025;V;I;0;0;0;0;3;3
13. KW 2025;V;N;2;3;8;4;47;63
13. KW 2025;W;I;1;2;1;0;11;15
13. KW 2025;W;N;12;22;16;5;200;247
14. KW 2025;BGL;I;0;0;0;0;2;2
14. KW 2025;BGL;N;1;1;6;0;30;36
14. KW 2025;KTN;I;0;0;0;1;4;5
14. KW 2025;KTN;N;3;4;2;4;84;96
14. KW 2025;NÖ;I;0;2;0;1;9;12
14. KW 2025;NÖ;N;3;11;19;2;172;204
14. KW 2025;OÖ;I;0;0;1;0;6;7
14. KW 2025;OÖ;N;7;10;25;7;150;194
14. KW 2025;SBG;I;1;0;0;1;12;13
14. KW 2025;SBG;N;1;4;8;3;68;83
14. KW 2025;ST;I;1;0;1;0;11;13
14. KW 2025;ST;N;7;1;23;2;182;213
14. KW 2025;T;I;0;0;0;0;6;6
14. KW 2025;T;N;2;3;11;2;99;115
14. KW 2025;V;I;0;0;0;1;3;4
14. KW 2025;V;N;1;5;8;3;38;53
14. KW 2025;W;I;0;0;0;0;11;11
14. KW 2025;W;N;10;13;17;4;186;219
15. KW 2025;BGL;I;0;0;0;0;1;1
15. KW 2025;BGL;N;2;0;3;0;45;50
15. KW 2025;KTN;I;0;0;0;0;11;11
15. KW 2025;KTN;N;5;1;6;1;88;99
15. KW 2025;NÖ;I;0;0;2;0;6;7
15. KW 2025;NÖ;N;5;9;15;4;148;180
15. KW 2025;OÖ;I;0;0;0;1;9;10
15. KW 2025;OÖ;N;4;7;13;5;163;190
15. KW 2025;SBG;I;0;0;1;0;2;2
15. KW 2025;SBG;N;1;1;2;2;59;62
15. KW 2025;ST;I;0;0;1;0;8;9
15. KW 2025;ST;N;4;1;17;4;164;190
15. KW 2025;T;I;0;0;2;1;6;9
15. KW 2025;T;N;3;4;9;2;87;105
15. KW 2025;V;I;0;0;0;0;0;0
15. KW 2025;V;N;1;2;3;2;41;47
15. KW 2025;W;I;0;1;1;0;12;14
15. KW 2025;W;N;4;10;8;5;141;166
16. KW 2025;BGL;I;0;0;0;0;2;2
16. KW 2025;BGL;N;3;0;3;0;39;44
16. KW 2025;KTN;I;0;1;0;0;5;6
16. KW 2025;KTN;N;3;0;9;3;94;107
16. KW 2025;NÖ;I;0;0;0;0;7;7
16. KW 2025;NÖ;N;2;6;6;2;166;179
16. KW 2025;OÖ;I;0;0;0;2;7;9
16. KW 2025;OÖ;N;7;7;6;3;161;180
16. KW 2025;SBG;I;0;0;0;0;4;4
16. KW 2025;SBG;N;1;3;3;4;77;88
16. KW 2025;ST;I;0;0;1;1;14;16
16. KW 2025;ST;N;2;3;12;1;170;184
16. KW 2025;T;I;0;0;1;0;3;4
16. KW 2025;T;N;4;1;9;4;84;100
16. KW 2025;V;I;0;0;0;0;1;1
16. KW 2025;V;N;1;1;5;2;40;48
16. KW 2025;W;I;0;0;0;1;11;12
16. KW 2025;W;N;3;6;12;2;176;193
17. KW 2025;BGL;I;0;0;0;0;1;1
17. KW 2025;BGL;N;1;0;0;2;29;31
17. KW 2025;KTN;I;0;0;0;0;5;5
17. KW 2025;KTN;N;0;0;2;0;94;96
17. KW 2025;NÖ;I;0;0;0;0;3;3
17. KW 2025;NÖ;N;3;6;5;3;135;151
17. KW 2025;OÖ;I;0;0;0;0;4;4
17. KW 2025;OÖ;N;8;7;5;7;139;165
17. KW 2025;SBG;I;0;0;0;0;5;5
17. KW 2025;SBG;N;2;1;2;0;58;61
17. KW 2025;ST;I;0;0;0;1;12;13
17. KW 2025;ST;N;3;2;8;4;138;154
17. KW 2025;T;I;0;0;0;0;7;7
17. KW 2025;T;N;2;4;11;2;104;123
17. KW 2025;V;I;0;0;0;0;2;2
17. KW 2025;V;N;6;1;4;5;54;67
17. KW 2025;W;I;0;0;0;0;15;15
17. KW 2025;W;N;6;5;6;3;135;154
18. KW 2025;BGL;I;0;0;0;0;0;0
18. KW 2025;BGL;N;1;0;2;0;28;30
18. KW 2025;KTN;I;0;0;0;0;3;3
18. KW 2025;KTN;N;1;0;0;0;77;78
18. KW 2025;NÖ;I;1;0;0;0;3;4
18. KW 2025;NÖ;N;1;4;4;3;118;129
18. KW 2025;OÖ;I;0;0;0;0;4;4
18. KW 2025;OÖ;N;4;2;5;3;119;131
18. KW 2025;SBG;I;1;0;0;0;5;6
18. KW 2025;SBG;N;1;2;1;0;57;61
18. KW 2025;ST;I;0;0;0;0;7;7
18. KW 2025;ST;N;0;3;7;3;127;138
18. KW 2025;T;I;0;0;0;0;2;2
18. KW 2025;T;N;1;1;4;1;77;84
18. KW 2025;V;I;0;0;0;0;2;2
18. KW 2025;V;N;0;1;1;3;38;42
18. KW 2025;W;I;0;0;0;1;10;11
18. KW 2025;W;N;4;1;2;1;132;138
19. KW 2025;BGL;I;1;0;0;0;1;2
19. KW 2025;BGL;N;3;0;0;1;23;27
19. KW 2025;KTN;I;0;0;0;1;2;3
19. KW 2025;KTN;N;1;0;0;2;91;93
19. KW 2025;NÖ;I;0;0;0;0;5;5
19. KW 2025;NÖ;N;2;2;1;2;114;119
19. KW 2025;OÖ;I;0;0;0;0;5;5
19. KW 2025;OÖ;N;3;0;0;1;122;124
19. KW 2025;SBG;I;0;0;0;0;8;8
19. KW 2025;SBG;N;1;1;1;0;45;48
19. KW 2025;ST;I;0;0;1;0;6;7
19. KW 2025;ST;N;4;1;1;1;124;130
19. KW 2025;T;I;0;0;0;0;6;6
19. KW 2025;T;N;2;0;2;1;68;73
19. KW 2025;V;I;0;0;0;0;2;2
19. KW 2025;V;N;1;1;0;0;23;25
19. KW 2025;W;I;0;0;1;0;12;12
19. KW 2025;W;N;3;3;1;4;132;143
20. KW 2025;BGL;I;1;0;0;1;2;4
20. KW 2025;BGL;N;1;0;0;1;25;27
20. KW 2025;KTN;I;0;0;0;0;3;3
20. KW 2025;KTN;N;1;0;1;1;66;67
20. KW 2025;NÖ;I;0;0;0;0;2;2
20. KW 2025;NÖ;N;3;2;1;0;121;126
20. KW 2025;OÖ;I;1;0;0;0;9;10
20. KW 2025;OÖ;N;7;0;0;3;105;113
20. KW 2025;SBG;I;0;0;0;0;6;6
20. KW 2025;SBG;N;1;0;0;1;54;56
20. KW 2025;ST;I;0;0;0;0;8;8
20. KW 2025;ST;N;4;1;5;2;129;141
20. KW 2025;T;I;0;0;0;0;6;6
20. KW 2025;T;N;0;0;1;2;72;75
20. KW 2025;V;I;0;0;0;0;2;2
20. KW 2025;V;N;1;0;1;2;33;36
20. KW 2025;W;I;0;0;0;0;8;8
20. KW 2025;W;N;10;3;3;2;138;156
21. KW 2025;BGL;I;0;0;0;0;0;0
21. KW 2025;BGL;N;3;0;1;0;28;30
21. KW 2025;KTN;I;0;0;0;0;3;3
21. KW 2025;KTN;N;0;0;0;1;66;67
21. KW 2025;NÖ;I;0;0;0;0;4;4
21. KW 2025;NÖ;N;5;0;0;0;110;114
21. KW 2025;OÖ;I;0;0;0;0;6;6
21. KW 2025;OÖ;N;8;3;3;0;122;134
21. KW 2025;SBG;I;0;0;0;0;2;2
21. KW 2025;SBG;N;4;0;0;1;38;43
21. KW 2025;ST;I;0;0;1;0;8;9
21. KW 2025;ST;N;0;0;1;0;139;140
21. KW 2025;T;I;0;0;0;0;2;2
21. KW 2025;T;N;4;0;0;2;55;61
21. KW 2025;V;I;0;0;0;0;2;2
21. KW 2025;V;N;2;1;2;1;32;36
21. KW 2025;W;I;1;0;0;0;10;11
21. KW 2025;W;N;6;1;2;3;131;143
22. KW 2025;BGL;I;1;0;0;0;0;1
22. KW 2025;BGL;N;1;0;0;0;20;21
22. KW 2025;KTN;I;0;0;0;0;1;1
22. KW 2025;KTN;N;1;0;0;0;60;61
22. KW 2025;NÖ;I;0;0;0;0;2;2
22. KW 2025;NÖ;N;6;0;0;3;97;104
22. KW 2025;OÖ;I;0;0;0;0;1;1
22. KW 2025;OÖ;N;5;1;2;0;80;87
22. KW 2025;SBG;I;0;0;0;0;4;4
22. KW 2025;SBG;N;3;0;1;0;44;48
22. KW 2025;ST;I;0;0;0;1;7;8
22. KW 2025;ST;N;5;0;3;0;94;102
22. KW 2025;T;I;0;0;0;0;2;2
22. KW 2025;T;N;2;0;2;4;69;75
22. KW 2025;V;I;0;0;0;0;4;4
22. KW 2025;V;N;0;0;1;0;35;35
22. KW 2025;W;I;0;0;0;0;10;10
22. KW 2025;W;N;6;0;0;0;112;118
23. KW 2025;BGL;I;0;0;0;0;0;0
23. KW 2025;BGL;N;1;0;0;0;10;11
23. KW 2025;KTN;I;0;0;0;0;0;0
23. KW 2025;KTN;N;0;0;0;0;14;14
23. KW 2025;NÖ;I;0;0;0;0;1;1
23. KW 2025;NÖ;N;1;0;0;0;43;44
23. KW 2025;OÖ;I;0;0;0;0;2;2
23. KW 2025;OÖ;N;2;0;1;1;35;39
23. KW 2025;SBG;I;0;0;0;0;0;0
23. KW 2025;SBG;N;1;0;0;0;22;23
23. KW 2025;ST;I;0;0;0;0;3;3
23. KW 2025;ST;N;4;0;0;0;49;53
23. KW 2025;T;I;0;0;0;0;1;1
23. KW 2025;T;N;0;0;0;0;18;18
23. KW 2025;V;I;0;0;0;0;0;0
23. KW 2025;V;N;2;0;1;1;11;15
23. KW 2025;W;I;0;0;0;0;2;2
23. KW 2025;W;N;5;0;0;0;47;52
