﻿Bezirk;GKZ;AnzEinwohner;Anzahl;AnzahlTot;AnzahlFaelle7Tage
Eisenstadt(Stadt);101;15374;10721;25;2
Rust(Stadt);102;2021;1331;5;0
Eisenstadt-Umgebung;103;44488;30248;78;4
Güssing;104;25809;16961;101;5
Jennersdorf;105;17216;10107;44;0
Mattersburg;106;40731;27037;88;4
Neusiedl am See;107;61358;42839;86;4
Oberpullendorf;108;37556;25190;68;1
Oberwart;109;54682;34768;145;2
Klagenfurt Stadt;201;103297;59526;304;1
Villach Stadt;202;64125;35846;174;2
Hermagor;203;18069;10718;66;0
Klagenfurt Land;204;61114;36076;127;0
Sankt Veit an der Glan;205;53953;33120;167;0
Spittal an der Drau;206;75725;44669;275;2
Villach Land;207;65635;38665;204;0
Völkermarkt;208;41947;26667;121;0
Wolfsberg;209;52352;30396;203;0
Feldkirchen;210;29949;17397;83;0
Krems an der Donau(Stadt);301;24930;15899;75;0
Sankt Pölten(Stadt);302;56697;38062;146;2
Waidhofen an der Ybbs(Stadt);303;11187;8145;59;0
Wiener Neustadt(Stadt);304;47407;31199;228;0
Amstetten;305;117442;90245;309;6
Baden;306;148765;100147;364;20
Bruck an der Leitha;307;107297;74376;220;12
Gänserndorf;308;107504;71146;305;7
Gmünd;309;36152;23186;158;1
Hollabrunn;310;51879;32937;116;0
Horn;311;30875;19224;60;0
Korneuburg;312;92442;63609;146;14
Krems(Land);313;56840;38921;163;1
Lilienfeld;314;25491;17790;111;0
Melk;315;78779;59607;526;2
Mistelbach;316;76641;50286;107;6
Mödling;317;120412;81920;309;18
Neunkirchen;318;87048;57827;251;1
Sankt Pölten(Land);319;133497;95381;336;25
Scheibbs;320;41711;31568;98;3
Tulln;321;107723;72137;214;15
Waidhofen an der Thaya;322;25644;17119;80;2
Wiener Neustadt(Land);323;80020;54234;220;6
Zwettl;325;41757;30290;84;3
Linz(Stadt);401;208445;127387;474;10
Steyr(Stadt);402;37915;23400;84;1
Wels(Stadt);403;63542;40454;165;2
Braunau am Inn;404;108388;77221;270;2
Eferding;405;33715;23403;81;3
Freistadt;406;67638;48574;202;1
Gmunden;407;102765;71184;256;2
Grieskirchen;408;65929;47921;158;1
Kirchdorf an der Krems;409;57882;39586;167;0
Linz-Land;410;154320;101340;296;6
Perg;411;69905;50816;155;4
Ried im Innkreis;412;62535;44992;170;4
Rohrbach;413;57034;40803;165;0
Schärding;414;57750;39948;156;4
Steyr-Land;415;61494;43506;158;1
Urfahr-Umgebung;416;87466;62795;161;3
Vöcklabruck;417;139989;100365;340;3
Wels-Land;418;75514;54568;123;1
Salzburg(Stadt);501;155743;103735;344;8
Hallein;502;61262;46011;148;2
Salzburg-Umgebung;503;155982;117727;318;8
Sankt Johann im Pongau;504;81962;57564;184;2
Tamsweg;505;20327;13950;68;2
Zell am See;506;89017;56724;202;2
Graz(Stadt);601;293929;174061;610;16
Deutschlandsberg;603;61092;36448;184;1
Graz-Umgebung;606;161131;100056;441;2
Leibnitz;610;86399;53532;195;4
Leoben;611;59341;31801;197;2
Liezen;612;79739;46840;229;1
Murau;614;27343;15175;60;1
Voitsberg;616;51165;28386;191;1
Weiz;617;91844;56876;260;0
Murtal;620;71398;39343;294;0
Bruck-Mürzzuschlag;621;98394;51879;359;1
Hartberg-Fürstenfeld;622;91091;55204;312;1
Südoststeiermark;623;84024;50509;296;3
Innsbruck-Stadt;701;130599;86628;261;2
Imst;702;61843;43197;103;1
Innsbruck-Land;703;183827;126215;292;4
Kitzbühel;704;65482;42049;102;2
Kufstein;705;112301;75631;256;1
Landeck;706;44681;32294;93;1
Lienz;707;48854;33993;148;1
Reutte;708;33427;21725;34;0
Schwaz;709;85478;54249;222;1
Bludenz;801;64943;43384;99;0
Bregenz;802;136369;86157;243;2
Dornbirn;803;91344;59570;171;0
Feldkirch;804;110547;72772;179;2
Wien;900;1951354;1421802;4817;334